marker,species,nreads,rep,eventID
sea-short,Clupea harengus,14,A.pcr2,EA-2016.10.26-ESK-FYKE
sea-short,Lampetra fluviatilis; Lampetra planeri,30,A.pcr2,EA-2016.10.26-ESK-FYKE
sea-short,Merlangius merlangus,107,A.pcr2,EA-2016.10.26-ESK-FYKE
sea-short,Molva molva,766,A.pcr2,EA-2016.10.26-ESK-FYKE
sea-short,Pomatoschistus minutus,42,A.pcr2,EA-2016.10.26-ESK-FYKE
sea-short,Salmo trutta,311,A.pcr2,EA-2016.10.26-ESK-FYKE
sea-short,Trachurus trachurus,14,A.pcr2,EA-2016.10.26-ESK-FYKE
sea-short,Salmo trutta,8,A.pcr2,EA-2016.10.31-TEES-SEI1
sea-short,Aphia minuta,11,C.pcr2,EA-2016.10.26-ESK-FYKE
sea-short,Clupea harengus,14,C.pcr2,EA-2016.10.26-ESK-FYKE
sea-short,Gadus morhua,412,C.pcr2,EA-2016.10.26-ESK-FYKE
sea-short,Oncorhynchus mykiss,9,C.pcr2,EA-2016.10.26-ESK-FYKE
sea-short,Salmo trutta,469,C.pcr2,EA-2016.10.26-ESK-FYKE
sea-short,Aphia minuta,11,B.pcr2,MBA-2016.11.04-WHIT-02
sea-short,Gadus morhua,27,B.pcr2,MBA-2016.11.04-WHIT-02
sea-short,Salmo trutta,32,B.pcr2,MBA-2016.11.04-WHIT-02
sea-short,Trachurus trachurus,14,B.pcr2,MBA-2016.11.04-WHIT-02
sea-short,Abramis brama,8,C.pcr2,PISC-2016.11.24-SOT-01
sea-short,Aphia minuta,73,C.pcr2,PISC-2016.11.24-SOT-01
sea-short,Clupea harengus,34,C.pcr2,PISC-2016.11.24-SOT-01
sea-short,Gobius paganellus,31,C.pcr2,PISC-2016.11.24-SOT-01
sea-short,Lampetra fluviatilis; Lampetra planeri,9,C.pcr2,PISC-2016.11.24-SOT-01
sea-short,Oncorhynchus mykiss,1791,C.pcr2,PISC-2016.11.24-SOT-01
sea-short,Pomatoschistus microps,8,C.pcr2,PISC-2016.11.24-SOT-01
sea-short,Rutilus rutilus,13,C.pcr2,PISC-2016.11.24-SOT-01
sea-short,Salmo trutta,25,C.pcr2,PISC-2016.11.24-SOT-01
sea-short,Aphia minuta,6,A.pcr2,MBA-2016.11.04-WHIT-02
sea-short,Oncorhynchus mykiss,7,A.pcr2,MBA-2016.11.04-WHIT-02
sea-short,Salmo trutta,9,A.pcr2,MBA-2016.11.04-WHIT-02
sea-short,Sardina pilchardus,40,A.pcr2,MBA-2016.11.04-WHIT-02
sea-short,Scophthalmus rhombus,3,A.pcr2,MBA-2016.11.04-WHIT-02
sea-short,Trachurus trachurus,61,A.pcr2,MBA-2016.11.04-WHIT-02
sea-short,Zeus faber,5,A.pcr2,MBA-2016.11.04-WHIT-02
sea-short,Aphia minuta,19,C.pcr1,PISC-2016.11.24-SOT-01
sea-short,Clupea harengus,57,C.pcr1,PISC-2016.11.24-SOT-01
sea-short,Gobius paganellus,71,C.pcr1,PISC-2016.11.24-SOT-01
sea-short,Merlangius merlangus,37,C.pcr1,PISC-2016.11.24-SOT-01
sea-short,Oncorhynchus mykiss,1284,C.pcr1,PISC-2016.11.24-SOT-01
sea-short,Pomatoschistus microps,22,C.pcr1,PISC-2016.11.24-SOT-01
sea-short,Salmo trutta,54,C.pcr1,PISC-2016.11.24-SOT-01
sea-short,Trisopterus luscus,18,C.pcr1,PISC-2016.11.24-SOT-01
sea-short,Anguilla anguilla,31,B.pcr1,EA-2016.10.26-ESK-SEI1
sea-short,Salmo trutta,1175,B.pcr1,EA-2016.10.26-ESK-SEI1
sea-short,Aphia minuta,27,C.pcr1,EA-2016.10.26-ESK-SEI1
sea-short,Gobio gobio,150,C.pcr1,EA-2016.10.26-ESK-SEI1
sea-short,Merlangius merlangus,165,C.pcr1,EA-2016.10.26-ESK-SEI1
sea-short,Oncorhynchus mykiss,19,C.pcr1,EA-2016.10.26-ESK-SEI1
sea-short,Pomatoschistus microps,89,C.pcr1,EA-2016.10.26-ESK-SEI1
sea-short,Salmo trutta,667,C.pcr1,EA-2016.10.26-ESK-SEI1
sea-short,Syngnathus acus,11,C.pcr1,EA-2016.10.26-ESK-SEI1
sea-short,Aphia minuta,920,C.pcr2,MBA-2016.11.04-WHIT-02
sea-short,Merlangius merlangus,39,C.pcr2,MBA-2016.11.04-WHIT-02
sea-short,Oncorhynchus mykiss,25,C.pcr2,MBA-2016.11.04-WHIT-02
sea-short,Pomatoschistus microps,5,C.pcr2,MBA-2016.11.04-WHIT-02
sea-short,Salmo trutta,61,C.pcr2,MBA-2016.11.04-WHIT-02
sea-short,Sardina pilchardus,33,C.pcr2,MBA-2016.11.04-WHIT-02
sea-short,Syngnathus acus,275,C.pcr2,MBA-2016.11.04-WHIT-02
sea-short,Trachurus trachurus,37,C.pcr2,MBA-2016.11.04-WHIT-02
sea-short,Aphia minuta,51,C.pcr1,MBA-2016.11.04-WHIT-02
sea-short,Merlangius merlangus,20,C.pcr1,MBA-2016.11.04-WHIT-02
sea-short,Salmo trutta,4,C.pcr1,MBA-2016.11.04-WHIT-02
sea-short,Syngnathus acus,12,C.pcr1,MBA-2016.11.04-WHIT-02
sea-short,Aphia minuta,18,B.pcr2,EA-2016.10.31-TEES-SEI1
sea-short,Salmo trutta,23,B.pcr2,EA-2016.10.31-TEES-SEI1
sea-short,Syngnathus acus,8,B.pcr2,EA-2016.10.31-TEES-SEI1
sea-short,Aphia minuta,87,A.pcr1,EA-2016.10.31-TEES-SEI1
sea-short,Merlangius merlangus,15,A.pcr1,EA-2016.10.31-TEES-SEI1
sea-short,Oncorhynchus mykiss,11,A.pcr1,EA-2016.10.31-TEES-SEI1
sea-short,Salmo trutta,10,A.pcr1,EA-2016.10.31-TEES-SEI1
sea-short,Syngnathus acus,24,A.pcr1,EA-2016.10.31-TEES-SEI1
sea-short,Aphia minuta,6,B.pcr1,EA-2016.10.31-TEES-SEI1
sea-short,Merlangius merlangus,23,B.pcr1,EA-2016.10.31-TEES-SEI1
sea-short,Oncorhynchus mykiss,3,B.pcr1,EA-2016.10.31-TEES-SEI1
sea-short,Aphia minuta,32,B.pcr1,PISC-2016.11.24-SOT-01
sea-short,Clupea harengus,67,B.pcr1,PISC-2016.11.24-SOT-01
sea-short,Gobius paganellus,122,B.pcr1,PISC-2016.11.24-SOT-01
sea-short,Merlangius merlangus,110,B.pcr1,PISC-2016.11.24-SOT-01
sea-short,Oncorhynchus mykiss,969,B.pcr1,PISC-2016.11.24-SOT-01
sea-short,Pomatoschistus microps,32,B.pcr1,PISC-2016.11.24-SOT-01
sea-short,Pomatoschistus minutus,32,B.pcr1,PISC-2016.11.24-SOT-01
sea-short,Pseudorasbora parva,35,B.pcr1,PISC-2016.11.24-SOT-01
sea-short,Salmo trutta,110,B.pcr1,PISC-2016.11.24-SOT-01
sea-short,Aphia minuta,239,C.pcr1,EA-2016.10.26-ESK-FYKE
sea-short,Gadus morhua,58,C.pcr1,EA-2016.10.26-ESK-FYKE
sea-short,Molva molva,672,C.pcr1,EA-2016.10.26-ESK-FYKE
sea-short,Oncorhynchus mykiss,44,C.pcr1,EA-2016.10.26-ESK-FYKE
sea-short,Salmo trutta,183,C.pcr1,EA-2016.10.26-ESK-FYKE
sea-short,Syngnathus acus,79,C.pcr1,EA-2016.10.26-ESK-FYKE
sea-short,Aphia minuta,92,C.pcr1,EA-2016.10.31-TEES-SEI1
sea-short,Clupea harengus,4,C.pcr1,EA-2016.10.31-TEES-SEI1
sea-short,Gobius paganellus,3,C.pcr1,EA-2016.10.31-TEES-SEI1
sea-short,Molva molva,17,C.pcr1,EA-2016.10.31-TEES-SEI1
sea-short,Oncorhynchus mykiss,97,C.pcr1,EA-2016.10.31-TEES-SEI1
sea-short,Pomatoschistus microps,6,C.pcr1,EA-2016.10.31-TEES-SEI1
sea-short,Salmo trutta,68,C.pcr1,EA-2016.10.31-TEES-SEI1
sea-short,Syngnathus acus,15,C.pcr1,EA-2016.10.31-TEES-SEI1
sea-short,Trisopterus luscus,3,C.pcr1,EA-2016.10.31-TEES-SEI1
sea-short,Clupea harengus,67,B.pcr2,PISC-2016.11.24-SOT-01
sea-short,Gobius paganellus,215,B.pcr2,PISC-2016.11.24-SOT-01
sea-short,Merlangius merlangus,134,B.pcr2,PISC-2016.11.24-SOT-01
sea-short,Oncorhynchus mykiss,848,B.pcr2,PISC-2016.11.24-SOT-01
sea-short,Pomatoschistus microps,8,B.pcr2,PISC-2016.11.24-SOT-01
sea-short,Pomatoschistus minutus,99,B.pcr2,PISC-2016.11.24-SOT-01
sea-short,Salmo trutta,70,B.pcr2,PISC-2016.11.24-SOT-01
sea-short,Thymallus thymallus,7,B.pcr2,PISC-2016.11.24-SOT-01
sea-short,Trisopterus luscus,21,B.pcr2,PISC-2016.11.24-SOT-01
sea-short,Aphia minuta,7,C.pcr2,EA-2016.10.26-ESK-SEI1
sea-short,Barbatula barbatula,8,C.pcr2,EA-2016.10.26-ESK-SEI1
sea-short,Oncorhynchus mykiss,45,C.pcr2,EA-2016.10.26-ESK-SEI1
sea-short,Salmo salar,139,C.pcr2,EA-2016.10.26-ESK-SEI1
sea-short,Salmo trutta,761,C.pcr2,EA-2016.10.26-ESK-SEI1
sea-short,Clupea harengus,27,B.pcr1,EA-2016.10.26-ESK-FYKE
sea-short,Eutrigla gurnardus,5,B.pcr1,EA-2016.10.26-ESK-FYKE
sea-short,Gadus morhua,94,B.pcr1,EA-2016.10.26-ESK-FYKE
sea-short,Molva molva,156,B.pcr1,EA-2016.10.26-ESK-FYKE
sea-short,Salmo trutta,282,B.pcr1,EA-2016.10.26-ESK-FYKE
sea-short,Aphia minuta,28,A.pcr2,PISC-2016.11.24-SOT-01
sea-short,Clupea harengus,40,A.pcr2,PISC-2016.11.24-SOT-01
sea-short,Gasterosteus aculeatus,14,A.pcr2,PISC-2016.11.24-SOT-01
sea-short,Gobius paganellus,163,A.pcr2,PISC-2016.11.24-SOT-01
sea-short,Lampetra fluviatilis; Lampetra planeri,21,A.pcr2,PISC-2016.11.24-SOT-01
sea-short,Merlangius merlangus,111,A.pcr2,PISC-2016.11.24-SOT-01
sea-short,Oncorhynchus mykiss,1060,A.pcr2,PISC-2016.11.24-SOT-01
sea-short,Pomatoschistus microps,13,A.pcr2,PISC-2016.11.24-SOT-01
sea-short,Pomatoschistus minutus,20,A.pcr2,PISC-2016.11.24-SOT-01
sea-short,Salmo trutta,90,A.pcr2,PISC-2016.11.24-SOT-01
sea-short,Trisopterus luscus,13,A.pcr2,PISC-2016.11.24-SOT-01
sea-short,Aphia minuta,609,B.pcr2,EA-2016.10.26-ESK-FYKE
sea-short,Gadus morhua,85,B.pcr2,EA-2016.10.26-ESK-FYKE
sea-short,Gobio gobio,10,B.pcr2,EA-2016.10.26-ESK-FYKE
sea-short,Lampetra fluviatilis; Lampetra planeri,51,B.pcr2,EA-2016.10.26-ESK-FYKE
sea-short,Molva molva,2674,B.pcr2,EA-2016.10.26-ESK-FYKE
sea-short,Oncorhynchus mykiss,11,B.pcr2,EA-2016.10.26-ESK-FYKE
sea-short,Salmo trutta,495,B.pcr2,EA-2016.10.26-ESK-FYKE
sea-short,Syngnathus acus,192,B.pcr2,EA-2016.10.26-ESK-FYKE
sea-short,Aphia minuta,68,A.pcr1,PISC-2016.11.24-SOT-01
sea-short,Clupea harengus,23,A.pcr1,PISC-2016.11.24-SOT-01
sea-short,Gadus morhua,14,A.pcr1,PISC-2016.11.24-SOT-01
sea-short,Gobius paganellus,125,A.pcr1,PISC-2016.11.24-SOT-01
sea-short,Liza ramada,17,A.pcr1,PISC-2016.11.24-SOT-01
sea-short,Merlangius merlangus,108,A.pcr1,PISC-2016.11.24-SOT-01
sea-short,Molva molva,46,A.pcr1,PISC-2016.11.24-SOT-01
sea-short,Oncorhynchus mykiss,1323,A.pcr1,PISC-2016.11.24-SOT-01
sea-short,Pomatoschistus minutus,77,A.pcr1,PISC-2016.11.24-SOT-01
sea-short,Salmo trutta,196,A.pcr1,PISC-2016.11.24-SOT-01
sea-short,Gobio gobio,296,A.pcr2,EA-2016.10.26-ESK-SEI1
sea-short,Lampetra fluviatilis; Lampetra planeri,10,A.pcr2,EA-2016.10.26-ESK-SEI1
sea-short,Oncorhynchus mykiss,5,A.pcr2,EA-2016.10.26-ESK-SEI1
sea-short,Salmo salar,30,A.pcr2,EA-2016.10.26-ESK-SEI1
sea-short,Salmo trutta,1271,A.pcr2,EA-2016.10.26-ESK-SEI1
sea-short,Aphia minuta,13,A.pcr1,EA-2016.10.26-ESK-SEI1
sea-short,Clupea harengus,309,A.pcr1,EA-2016.10.26-ESK-SEI1
sea-short,Oncorhynchus mykiss,25,A.pcr1,EA-2016.10.26-ESK-SEI1
sea-short,Salmo salar,121,A.pcr1,EA-2016.10.26-ESK-SEI1
sea-short,Salmo trutta,897,A.pcr1,EA-2016.10.26-ESK-SEI1
sea-short,Aphia minuta,8,C.pcr2,EA-2016.10.31-TEES-SEI1
sea-short,Clupea harengus,6,C.pcr2,EA-2016.10.31-TEES-SEI1
sea-short,Molva molva,14,C.pcr2,EA-2016.10.31-TEES-SEI1
sea-short,Oncorhynchus mykiss,48,C.pcr2,EA-2016.10.31-TEES-SEI1
sea-short,Salmo trutta,49,C.pcr2,EA-2016.10.31-TEES-SEI1
sea-short,Merlangius merlangus,28,B.pcr1,MBA-2016.11.04-WHIT-02
sea-short,Salmo trutta,18,B.pcr1,MBA-2016.11.04-WHIT-02
sea-short,Sardina pilchardus,13,B.pcr1,MBA-2016.11.04-WHIT-02
sea-short,Trachurus trachurus,55,B.pcr1,MBA-2016.11.04-WHIT-02
sea-short,Aphia minuta,334,A.pcr1,MBA-2016.11.04-WHIT-02
sea-short,Gadus morhua,12,A.pcr1,MBA-2016.11.04-WHIT-02
sea-short,Salmo trutta,25,A.pcr1,MBA-2016.11.04-WHIT-02
sea-short,Sardina pilchardus,64,A.pcr1,MBA-2016.11.04-WHIT-02
sea-short,Taurulus bubalis,4,A.pcr1,MBA-2016.11.04-WHIT-02
sea-short,Trachurus trachurus,42,A.pcr1,MBA-2016.11.04-WHIT-02
sea-short,Aphia minuta,246,A.pcr1,EA-2016.10.26-ESK-FYKE
sea-short,Clupea harengus,10,A.pcr1,EA-2016.10.26-ESK-FYKE
sea-short,Gadus morhua,41,A.pcr1,EA-2016.10.26-ESK-FYKE
sea-short,Gobius paganellus,7,A.pcr1,EA-2016.10.26-ESK-FYKE
sea-short,Merlangius merlangus,52,A.pcr1,EA-2016.10.26-ESK-FYKE
sea-short,Molva molva,175,A.pcr1,EA-2016.10.26-ESK-FYKE
sea-short,Oncorhynchus mykiss,28,A.pcr1,EA-2016.10.26-ESK-FYKE
sea-short,Salmo trutta,131,A.pcr1,EA-2016.10.26-ESK-FYKE
sea-short,Syngnathus acus,69,A.pcr1,EA-2016.10.26-ESK-FYKE
sea-short,Aphia minuta,144,B.pcr2,EA-2016.10.26-ESK-SEI1
sea-short,Gobio gobio,251,B.pcr2,EA-2016.10.26-ESK-SEI1
sea-short,Salmo trutta,1337,B.pcr2,EA-2016.10.26-ESK-SEI1
sea-short,Syngnathus acus,39,B.pcr2,EA-2016.10.26-ESK-SEI1
sea-mid,Chelidonichthys lucerna,16,A.pcr2,EA-2016.10.26-ESK-FYKE
sea-mid,Gadus morhua,27,A.pcr2,EA-2016.10.26-ESK-FYKE
sea-mid,Salmo trutta,4184,A.pcr2,EA-2016.10.26-ESK-FYKE
sea-mid,Salmo trutta,19,A.pcr2,EA-2016.10.31-TEES-SEI1
sea-mid,Eutrigla gurnardus,8,C.pcr2,EA-2016.10.26-ESK-FYKE
sea-mid,Salmo salar,90,C.pcr2,EA-2016.10.26-ESK-FYKE
sea-mid,Salmo trutta,984,C.pcr2,EA-2016.10.26-ESK-FYKE
sea-mid,Oncorhynchus mykiss,2,B.pcr2,MBA-2016.11.04-WHIT-02
sea-mid,Salmo trutta,59,B.pcr2,MBA-2016.11.04-WHIT-02
sea-mid,Syngnathus rostellatus,53,B.pcr2,MBA-2016.11.04-WHIT-02
sea-mid,Trachurus trachurus,83,B.pcr2,MBA-2016.11.04-WHIT-02
sea-mid,Aphia minuta,77,C.pcr2,PISC-2016.11.24-SOT-01
sea-mid,Barbatula barbatula,3,C.pcr2,PISC-2016.11.24-SOT-01
sea-mid,Gasterosteus aculeatus,39,C.pcr2,PISC-2016.11.24-SOT-01
sea-mid,Oncorhynchus mykiss,1087,C.pcr2,PISC-2016.11.24-SOT-01
sea-mid,Pomatoschistus microps,3,C.pcr2,PISC-2016.11.24-SOT-01
sea-mid,Salmo salar,24,C.pcr2,PISC-2016.11.24-SOT-01
sea-mid,Salmo trutta,933,C.pcr2,PISC-2016.11.24-SOT-01
sea-mid,Ctenolabrus rupestris,25,A.pcr2,MBA-2016.11.04-WHIT-02
sea-mid,Merlangius merlangus,3,A.pcr2,MBA-2016.11.04-WHIT-02
sea-mid,Salmo trutta,19,A.pcr2,MBA-2016.11.04-WHIT-02
sea-mid,Trachurus trachurus,42,A.pcr2,MBA-2016.11.04-WHIT-02
sea-mid,Zeus faber,4,A.pcr2,MBA-2016.11.04-WHIT-02
sea-mid,Aphia minuta,48,C.pcr1,PISC-2016.11.24-SOT-01
sea-mid,Gasterosteus aculeatus,33,C.pcr1,PISC-2016.11.24-SOT-01
sea-mid,Oncorhynchus mykiss,801,C.pcr1,PISC-2016.11.24-SOT-01
sea-mid,Salmo salar,22,C.pcr1,PISC-2016.11.24-SOT-01
sea-mid,Salmo trutta,1790,C.pcr1,PISC-2016.11.24-SOT-01
sea-mid,Barbatula barbatula,56,B.pcr1,EA-2016.10.26-ESK-SEI1
sea-mid,Salmo salar,726,B.pcr1,EA-2016.10.26-ESK-SEI1
sea-mid,Salmo trutta,8029,B.pcr1,EA-2016.10.26-ESK-SEI1
sea-mid,Barbatula barbatula,205,C.pcr1,EA-2016.10.26-ESK-SEI1
sea-mid,Gobio gobio,165,C.pcr1,EA-2016.10.26-ESK-SEI1
sea-mid,Oncorhynchus mykiss,16,C.pcr1,EA-2016.10.26-ESK-SEI1
sea-mid,Salmo salar,531,C.pcr1,EA-2016.10.26-ESK-SEI1
sea-mid,Salmo trutta,12259,C.pcr1,EA-2016.10.26-ESK-SEI1
sea-mid,Conger conger,2,C.pcr2,MBA-2016.11.04-WHIT-02
sea-mid,Merlangius merlangus,9,C.pcr2,MBA-2016.11.04-WHIT-02
sea-mid,Salmo trutta,15,C.pcr2,MBA-2016.11.04-WHIT-02
sea-mid,Solea solea,2,C.pcr2,MBA-2016.11.04-WHIT-02
sea-mid,Trachurus trachurus,12,C.pcr2,MBA-2016.11.04-WHIT-02
sea-mid,Salmo trutta,34,C.pcr1,MBA-2016.11.04-WHIT-02
sea-mid,Solea solea,2,C.pcr1,MBA-2016.11.04-WHIT-02
sea-mid,Trachurus trachurus,13,C.pcr1,MBA-2016.11.04-WHIT-02
sea-mid,Merlangius merlangus,7,B.pcr2,EA-2016.10.31-TEES-SEI1
sea-mid,Oncorhynchus mykiss,3,B.pcr2,EA-2016.10.31-TEES-SEI1
sea-mid,Salmo trutta,32,B.pcr2,EA-2016.10.31-TEES-SEI1
sea-mid,Oncorhynchus mykiss,3,A.pcr1,EA-2016.10.31-TEES-SEI1
sea-mid,Salmo trutta,14,A.pcr1,EA-2016.10.31-TEES-SEI1
sea-mid,Merlangius merlangus,7,B.pcr1,EA-2016.10.31-TEES-SEI1
sea-mid,Salmo trutta,8,B.pcr1,EA-2016.10.31-TEES-SEI1
sea-mid,Sprattus sprattus,2,B.pcr1,EA-2016.10.31-TEES-SEI1
sea-mid,Aphia minuta,18,B.pcr1,PISC-2016.11.24-SOT-01
sea-mid,Atherina boyeri,4,B.pcr1,PISC-2016.11.24-SOT-01
sea-mid,Chelidonichthys lucerna,3,B.pcr1,PISC-2016.11.24-SOT-01
sea-mid,Gasterosteus aculeatus,38,B.pcr1,PISC-2016.11.24-SOT-01
sea-mid,Merlangius merlangus,16,B.pcr1,PISC-2016.11.24-SOT-01
sea-mid,Oncorhynchus mykiss,932,B.pcr1,PISC-2016.11.24-SOT-01
sea-mid,Rutilus rutilus,8,B.pcr1,PISC-2016.11.24-SOT-01
sea-mid,Salmo trutta,556,B.pcr1,PISC-2016.11.24-SOT-01
sea-mid,Sprattus sprattus,12,B.pcr1,PISC-2016.11.24-SOT-01
sea-mid,Eutrigla gurnardus,19,C.pcr1,EA-2016.10.26-ESK-FYKE
sea-mid,Oncorhynchus mykiss,13,C.pcr1,EA-2016.10.26-ESK-FYKE
sea-mid,Salmo salar,72,C.pcr1,EA-2016.10.26-ESK-FYKE
sea-mid,Salmo trutta,1191,C.pcr1,EA-2016.10.26-ESK-FYKE
sea-mid,Aphia minuta,2,C.pcr1,EA-2016.10.31-TEES-SEI1
sea-mid,Gasterosteus aculeatus,4,C.pcr1,EA-2016.10.31-TEES-SEI1
sea-mid,Oncorhynchus mykiss,59,C.pcr1,EA-2016.10.31-TEES-SEI1
sea-mid,Salmo trutta,196,C.pcr1,EA-2016.10.31-TEES-SEI1
sea-mid,Syngnathus rostellatus,4,C.pcr1,EA-2016.10.31-TEES-SEI1
sea-mid,Trachurus trachurus,10,C.pcr1,EA-2016.10.31-TEES-SEI1
sea-mid,Aphia minuta,36,B.pcr2,PISC-2016.11.24-SOT-01
sea-mid,Atherina boyeri,11,B.pcr2,PISC-2016.11.24-SOT-01
sea-mid,Gasterosteus aculeatus,57,B.pcr2,PISC-2016.11.24-SOT-01
sea-mid,Merlangius merlangus,33,B.pcr2,PISC-2016.11.24-SOT-01
sea-mid,Oncorhynchus mykiss,1332,B.pcr2,PISC-2016.11.24-SOT-01
sea-mid,Rutilus rutilus,8,B.pcr2,PISC-2016.11.24-SOT-01
sea-mid,Salmo trutta,808,B.pcr2,PISC-2016.11.24-SOT-01
sea-mid,Sprattus sprattus,12,B.pcr2,PISC-2016.11.24-SOT-01
sea-mid,Barbatula barbatula,235,C.pcr2,EA-2016.10.26-ESK-SEI1
sea-mid,Gobio gobio,166,C.pcr2,EA-2016.10.26-ESK-SEI1
sea-mid,Oncorhynchus mykiss,16,C.pcr2,EA-2016.10.26-ESK-SEI1
sea-mid,Salmo salar,696,C.pcr2,EA-2016.10.26-ESK-SEI1
sea-mid,Salmo trutta,15336,C.pcr2,EA-2016.10.26-ESK-SEI1
sea-mid,Barbatula barbatula,2,B.pcr1,EA-2016.10.26-ESK-FYKE
sea-mid,Chelidonichthys lucerna,44,B.pcr1,EA-2016.10.26-ESK-FYKE
sea-mid,Salmo salar,78,B.pcr1,EA-2016.10.26-ESK-FYKE
sea-mid,Salmo trutta,2274,B.pcr1,EA-2016.10.26-ESK-FYKE
sea-mid,Aphia minuta,30,A.pcr2,PISC-2016.11.24-SOT-01
sea-mid,Atherina boyeri,68,A.pcr2,PISC-2016.11.24-SOT-01
sea-mid,Barbatula barbatula,3,A.pcr2,PISC-2016.11.24-SOT-01
sea-mid,Gasterosteus aculeatus,71,A.pcr2,PISC-2016.11.24-SOT-01
sea-mid,Merlangius merlangus,3,A.pcr2,PISC-2016.11.24-SOT-01
sea-mid,Oncorhynchus mykiss,1010,A.pcr2,PISC-2016.11.24-SOT-01
sea-mid,Salmo trutta,285,A.pcr2,PISC-2016.11.24-SOT-01
sea-mid,Barbatula barbatula,2,B.pcr2,EA-2016.10.26-ESK-FYKE
sea-mid,Chelidonichthys lucerna,109,B.pcr2,EA-2016.10.26-ESK-FYKE
sea-mid,Salmo salar,167,B.pcr2,EA-2016.10.26-ESK-FYKE
sea-mid,Salmo trutta,4611,B.pcr2,EA-2016.10.26-ESK-FYKE
sea-mid,Aphia minuta,33,A.pcr1,PISC-2016.11.24-SOT-01
sea-mid,Atherina boyeri,76,A.pcr1,PISC-2016.11.24-SOT-01
sea-mid,Barbatula barbatula,5,A.pcr1,PISC-2016.11.24-SOT-01
sea-mid,Chelidonichthys lucerna,3,A.pcr1,PISC-2016.11.24-SOT-01
sea-mid,Gasterosteus aculeatus,68,A.pcr1,PISC-2016.11.24-SOT-01
sea-mid,Merlangius merlangus,4,A.pcr1,PISC-2016.11.24-SOT-01
sea-mid,Oncorhynchus mykiss,1101,A.pcr1,PISC-2016.11.24-SOT-01
sea-mid,Pomatoschistus microps,11,A.pcr1,PISC-2016.11.24-SOT-01
sea-mid,Salmo trutta,990,A.pcr1,PISC-2016.11.24-SOT-01
sea-mid,Trisopterus luscus,2,A.pcr1,PISC-2016.11.24-SOT-01
sea-mid,Barbatula barbatula,10,A.pcr2,EA-2016.10.26-ESK-SEI1
sea-mid,Salmo salar,543,A.pcr2,EA-2016.10.26-ESK-SEI1
sea-mid,Salmo trutta,15802,A.pcr2,EA-2016.10.26-ESK-SEI1
sea-mid,Zoarces viviparus,24,A.pcr2,EA-2016.10.26-ESK-SEI1
sea-mid,Barbatula barbatula,9,A.pcr1,EA-2016.10.26-ESK-SEI1
sea-mid,Salmo salar,603,A.pcr1,EA-2016.10.26-ESK-SEI1
sea-mid,Salmo trutta,15241,A.pcr1,EA-2016.10.26-ESK-SEI1
sea-mid,Trachurus trachurus,4,A.pcr1,EA-2016.10.26-ESK-SEI1
sea-mid,Zoarces viviparus,29,A.pcr1,EA-2016.10.26-ESK-SEI1
sea-mid,Barbatula barbatula,2,C.pcr2,EA-2016.10.31-TEES-SEI1
sea-mid,Gobio gobio,2,C.pcr2,EA-2016.10.31-TEES-SEI1
sea-mid,Oncorhynchus mykiss,18,C.pcr2,EA-2016.10.31-TEES-SEI1
sea-mid,Salmo salar,7,C.pcr2,EA-2016.10.31-TEES-SEI1
sea-mid,Salmo trutta,444,C.pcr2,EA-2016.10.31-TEES-SEI1
sea-mid,Sprattus sprattus,2,C.pcr2,EA-2016.10.31-TEES-SEI1
sea-mid,Merlangius merlangus,4,B.pcr1,MBA-2016.11.04-WHIT-02
sea-mid,Oncorhynchus mykiss,4,B.pcr1,MBA-2016.11.04-WHIT-02
sea-mid,Salmo trutta,62,B.pcr1,MBA-2016.11.04-WHIT-02
sea-mid,Syngnathus rostellatus,69,B.pcr1,MBA-2016.11.04-WHIT-02
sea-mid,Trachurus trachurus,73,B.pcr1,MBA-2016.11.04-WHIT-02
sea-mid,Ctenolabrus rupestris,19,A.pcr1,MBA-2016.11.04-WHIT-02
sea-mid,Salmo trutta,48,A.pcr1,MBA-2016.11.04-WHIT-02
sea-mid,Trachurus trachurus,51,A.pcr1,MBA-2016.11.04-WHIT-02
sea-mid,Chelidonichthys lucerna,10,A.pcr1,EA-2016.10.26-ESK-FYKE
sea-mid,Gadus morhua,26,A.pcr1,EA-2016.10.26-ESK-FYKE
sea-mid,Oncorhynchus mykiss,19,A.pcr1,EA-2016.10.26-ESK-FYKE
sea-mid,Salmo salar,8,A.pcr1,EA-2016.10.26-ESK-FYKE
sea-mid,Salmo trutta,2719,A.pcr1,EA-2016.10.26-ESK-FYKE
sea-mid,Barbatula barbatula,43,B.pcr2,EA-2016.10.26-ESK-SEI1
sea-mid,Salmo salar,671,B.pcr2,EA-2016.10.26-ESK-SEI1
sea-mid,Salmo trutta,7337,B.pcr2,EA-2016.10.26-ESK-SEI1
miya,Anguilla anguilla,928,B.pcr1,PISC-2016.11.24-SOT-01
miya,Aphia minuta,879,B.pcr1,PISC-2016.11.24-SOT-01
miya,Atherina boyeri,613,B.pcr1,PISC-2016.11.24-SOT-01
miya,Chelon labrosus; Liza ramada,1953,B.pcr1,PISC-2016.11.24-SOT-01
miya,Clupea harengus,3800,B.pcr1,PISC-2016.11.24-SOT-01
miya,Clupea harengus; Sprattus sprattus,4680,B.pcr1,PISC-2016.11.24-SOT-01
miya,Cottus gobio,413,B.pcr1,PISC-2016.11.24-SOT-01
miya,Cyclopterus lumpus,442,B.pcr1,PISC-2016.11.24-SOT-01
miya,Dicentrarchus labrax,7260,B.pcr1,PISC-2016.11.24-SOT-01
miya,Gadus morhua,2632,B.pcr1,PISC-2016.11.24-SOT-01
miya,Gasterosteus aculeatus,374,B.pcr1,PISC-2016.11.24-SOT-01
miya,Gobio gobio,381,B.pcr1,PISC-2016.11.24-SOT-01
miya,Gobius paganellus,8002,B.pcr1,PISC-2016.11.24-SOT-01
miya,Hippoglossoides platessoides,110,B.pcr1,PISC-2016.11.24-SOT-01
miya,Leuciscus leuciscus,154,B.pcr1,PISC-2016.11.24-SOT-01
miya,Limanda limanda,815,B.pcr1,PISC-2016.11.24-SOT-01
miya,Liza aurata,487,B.pcr1,PISC-2016.11.24-SOT-01
miya,Melanogrammus aeglefinus; Merlangius merlangus,1918,B.pcr1,PISC-2016.11.24-SOT-01
miya,Molva molva,640,B.pcr1,PISC-2016.11.24-SOT-01
miya,Oncorhynchus mykiss,18157,B.pcr1,PISC-2016.11.24-SOT-01
miya,Phoxinus phoxinus,7898,B.pcr1,PISC-2016.11.24-SOT-01
miya,Pollachius pollachius,92,B.pcr1,PISC-2016.11.24-SOT-01
miya,Pomatoschistus minutus,2,B.pcr1,PISC-2016.11.24-SOT-01
miya,Rutilus rutilus,59,B.pcr1,PISC-2016.11.24-SOT-01
miya,Salmo trutta,2325,B.pcr1,PISC-2016.11.24-SOT-01
miya,Sardina pilchardus,47,B.pcr1,PISC-2016.11.24-SOT-01
miya,Scardinius erythrophthalmus,798,B.pcr1,PISC-2016.11.24-SOT-01
miya,Scomber scombrus,281,B.pcr1,PISC-2016.11.24-SOT-01
miya,Solea solea,456,B.pcr1,PISC-2016.11.24-SOT-01
miya,Squalius cephalus,862,B.pcr1,PISC-2016.11.24-SOT-01
miya,Syngnathus typhle,36,B.pcr1,PISC-2016.11.24-SOT-01
miya,Taurulus bubalis,1747,B.pcr1,PISC-2016.11.24-SOT-01
miya,Thymallus thymallus,149,B.pcr1,PISC-2016.11.24-SOT-01
miya,Trachurus trachurus,10,B.pcr1,PISC-2016.11.24-SOT-01
miya,Trisopterus luscus,1864,B.pcr1,PISC-2016.11.24-SOT-01
miya,Trisopterus minutus,461,B.pcr1,PISC-2016.11.24-SOT-01
miya,Atherina boyeri,4,A.pcr1,EA-2016.10.31-TEES-SEI1
miya,Chelon labrosus; Liza ramada,7,A.pcr1,EA-2016.10.31-TEES-SEI1
miya,Clupea harengus,25650,A.pcr1,EA-2016.10.31-TEES-SEI1
miya,Clupea harengus; Sprattus sprattus,24026,A.pcr1,EA-2016.10.31-TEES-SEI1
miya,Cottus gobio,3,A.pcr1,EA-2016.10.31-TEES-SEI1
miya,Dicentrarchus labrax,64,A.pcr1,EA-2016.10.31-TEES-SEI1
miya,Gasterosteus aculeatus,4,A.pcr1,EA-2016.10.31-TEES-SEI1
miya,Hippoglossoides platessoides,53,A.pcr1,EA-2016.10.31-TEES-SEI1
miya,Melanogrammus aeglefinus; Merlangius merlangus,29,A.pcr1,EA-2016.10.31-TEES-SEI1
miya,Oncorhynchus mykiss,16,A.pcr1,EA-2016.10.31-TEES-SEI1
miya,Pomatoschistus minutus,7,A.pcr1,EA-2016.10.31-TEES-SEI1
miya,Salmo trutta,7118,A.pcr1,EA-2016.10.31-TEES-SEI1
miya,Sardina pilchardus,88,A.pcr1,EA-2016.10.31-TEES-SEI1
miya,Scomber scombrus,50,A.pcr1,EA-2016.10.31-TEES-SEI1
miya,Syngnathus typhle,5,A.pcr1,EA-2016.10.31-TEES-SEI1
miya,Trachurus trachurus,62,A.pcr1,EA-2016.10.31-TEES-SEI1
miya,Trisopterus minutus,6,A.pcr1,EA-2016.10.31-TEES-SEI1
miya,Anguilla anguilla,24,B.pcr1,EA-2016.10.31-TEES-SEI1
miya,Aphia minuta,5,B.pcr1,EA-2016.10.31-TEES-SEI1
miya,Atherina boyeri,14,B.pcr1,EA-2016.10.31-TEES-SEI1
miya,Barbatula barbatula,5,B.pcr1,EA-2016.10.31-TEES-SEI1
miya,Chelon labrosus; Liza ramada,20,B.pcr1,EA-2016.10.31-TEES-SEI1
miya,Clupea harengus,26744,B.pcr1,EA-2016.10.31-TEES-SEI1
miya,Clupea harengus; Sprattus sprattus,13557,B.pcr1,EA-2016.10.31-TEES-SEI1
miya,Cottus gobio,7,B.pcr1,EA-2016.10.31-TEES-SEI1
miya,Cyclopterus lumpus,4,B.pcr1,EA-2016.10.31-TEES-SEI1
miya,Dicentrarchus labrax,54,B.pcr1,EA-2016.10.31-TEES-SEI1
miya,Gadus morhua,21943,B.pcr1,EA-2016.10.31-TEES-SEI1
miya,Gasterosteus aculeatus,15,B.pcr1,EA-2016.10.31-TEES-SEI1
miya,Gobio gobio,8,B.pcr1,EA-2016.10.31-TEES-SEI1
miya,Gobius paganellus,16,B.pcr1,EA-2016.10.31-TEES-SEI1
miya,Hippoglossoides platessoides,73,B.pcr1,EA-2016.10.31-TEES-SEI1
miya,Oncorhynchus mykiss,76,B.pcr1,EA-2016.10.31-TEES-SEI1
miya,Perca fluviatilis,10,B.pcr1,EA-2016.10.31-TEES-SEI1
miya,Phoxinus phoxinus,10,B.pcr1,EA-2016.10.31-TEES-SEI1
miya,Pomatoschistus minutus,33,B.pcr1,EA-2016.10.31-TEES-SEI1
miya,Salmo trutta,61,B.pcr1,EA-2016.10.31-TEES-SEI1
miya,Sardina pilchardus,42,B.pcr1,EA-2016.10.31-TEES-SEI1
miya,Scomber scombrus,20,B.pcr1,EA-2016.10.31-TEES-SEI1
miya,Squalius cephalus,8,B.pcr1,EA-2016.10.31-TEES-SEI1
miya,Trachurus trachurus,29,B.pcr1,EA-2016.10.31-TEES-SEI1
miya,Trisopterus minutus,12,B.pcr1,EA-2016.10.31-TEES-SEI1
miya,Anguilla anguilla,8,A.pcr2,MBA-2016.11.04-WHIT-02
miya,Aphia minuta,4,A.pcr2,MBA-2016.11.04-WHIT-02
miya,Atherina boyeri,15,A.pcr2,MBA-2016.11.04-WHIT-02
miya,Chelon labrosus; Liza ramada,9,A.pcr2,MBA-2016.11.04-WHIT-02
miya,Clupea harengus,2966,A.pcr2,MBA-2016.11.04-WHIT-02
miya,Cottus gobio,7,A.pcr2,MBA-2016.11.04-WHIT-02
miya,Dicentrarchus labrax,55,A.pcr2,MBA-2016.11.04-WHIT-02
miya,Gasterosteus aculeatus,8,A.pcr2,MBA-2016.11.04-WHIT-02
miya,Gobius paganellus,17,A.pcr2,MBA-2016.11.04-WHIT-02
miya,Hippoglossoides platessoides,16055,A.pcr2,MBA-2016.11.04-WHIT-02
miya,Melanogrammus aeglefinus; Merlangius merlangus,3730,A.pcr2,MBA-2016.11.04-WHIT-02
miya,Oncorhynchus mykiss,62,A.pcr2,MBA-2016.11.04-WHIT-02
miya,Perca fluviatilis,5,A.pcr2,MBA-2016.11.04-WHIT-02
miya,Pomatoschistus minutus,21,A.pcr2,MBA-2016.11.04-WHIT-02
miya,Salmo trutta,60,A.pcr2,MBA-2016.11.04-WHIT-02
miya,Sardina pilchardus,9916,A.pcr2,MBA-2016.11.04-WHIT-02
miya,Scomber scombrus,2145,A.pcr2,MBA-2016.11.04-WHIT-02
miya,Squalius cephalus,6,A.pcr2,MBA-2016.11.04-WHIT-02
miya,Trachurus trachurus,7612,A.pcr2,MBA-2016.11.04-WHIT-02
miya,Trisopterus minutus,2409,A.pcr2,MBA-2016.11.04-WHIT-02
miya,Anguilla anguilla,10733,B.pcr2,EA-2016.10.26-ESK-SEI1
miya,Barbatula barbatula,6262,B.pcr2,EA-2016.10.26-ESK-SEI1
miya,Clupea harengus,140,B.pcr2,EA-2016.10.26-ESK-SEI1
miya,Clupea harengus; Sprattus sprattus,161,B.pcr2,EA-2016.10.26-ESK-SEI1
miya,Dicentrarchus labrax,29,B.pcr2,EA-2016.10.26-ESK-SEI1
miya,Gadus morhua,175,B.pcr2,EA-2016.10.26-ESK-SEI1
miya,Gobio gobio,2343,B.pcr2,EA-2016.10.26-ESK-SEI1
miya,Gobius paganellus,3,B.pcr2,EA-2016.10.26-ESK-SEI1
miya,Hippoglossoides platessoides,7590,B.pcr2,EA-2016.10.26-ESK-SEI1
miya,Pomatoschistus minutus,28,B.pcr2,EA-2016.10.26-ESK-SEI1
miya,Salmo trutta,24243,B.pcr2,EA-2016.10.26-ESK-SEI1
miya,Sardina pilchardus,52,B.pcr2,EA-2016.10.26-ESK-SEI1
miya,Taurulus bubalis,25,B.pcr2,EA-2016.10.26-ESK-SEI1
miya,Trachurus trachurus,38,B.pcr2,EA-2016.10.26-ESK-SEI1
miya,Anguilla anguilla,707,B.pcr2,PISC-2016.11.24-SOT-01
miya,Aphia minuta,672,B.pcr2,PISC-2016.11.24-SOT-01
miya,Atherina boyeri,433,B.pcr2,PISC-2016.11.24-SOT-01
miya,Barbatula barbatula,3,B.pcr2,PISC-2016.11.24-SOT-01
miya,Chelon labrosus; Liza ramada,1658,B.pcr2,PISC-2016.11.24-SOT-01
miya,Clupea harengus,2908,B.pcr2,PISC-2016.11.24-SOT-01
miya,Clupea harengus; Sprattus sprattus,4118,B.pcr2,PISC-2016.11.24-SOT-01
miya,Cottus gobio,307,B.pcr2,PISC-2016.11.24-SOT-01
miya,Cyclopterus lumpus,359,B.pcr2,PISC-2016.11.24-SOT-01
miya,Dicentrarchus labrax,5541,B.pcr2,PISC-2016.11.24-SOT-01
miya,Gasterosteus aculeatus,282,B.pcr2,PISC-2016.11.24-SOT-01
miya,Gobius paganellus,6481,B.pcr2,PISC-2016.11.24-SOT-01
miya,Hippoglossoides platessoides,14,B.pcr2,PISC-2016.11.24-SOT-01
miya,Limanda limanda,584,B.pcr2,PISC-2016.11.24-SOT-01
miya,Liza aurata,388,B.pcr2,PISC-2016.11.24-SOT-01
miya,Melanogrammus aeglefinus; Merlangius merlangus,882,B.pcr2,PISC-2016.11.24-SOT-01
miya,Oncorhynchus mykiss,11324,B.pcr2,PISC-2016.11.24-SOT-01
miya,Phoxinus phoxinus,2195,B.pcr2,PISC-2016.11.24-SOT-01
miya,Salmo trutta,1520,B.pcr2,PISC-2016.11.24-SOT-01
miya,Sardina pilchardus,6,B.pcr2,PISC-2016.11.24-SOT-01
miya,Scardinius erythrophthalmus,563,B.pcr2,PISC-2016.11.24-SOT-01
miya,Scomber scombrus,8,B.pcr2,PISC-2016.11.24-SOT-01
miya,Solea solea,328,B.pcr2,PISC-2016.11.24-SOT-01
miya,Squalius cephalus,405,B.pcr2,PISC-2016.11.24-SOT-01
miya,Taurulus bubalis,1419,B.pcr2,PISC-2016.11.24-SOT-01
miya,Thymallus thymallus,82,B.pcr2,PISC-2016.11.24-SOT-01
miya,Trisopterus luscus,1176,B.pcr2,PISC-2016.11.24-SOT-01
miya,Atherina boyeri,4,C.pcr2,EA-2016.10.31-TEES-SEI1
miya,Clupea harengus; Sprattus sprattus,35992,C.pcr2,EA-2016.10.31-TEES-SEI1
miya,Dicentrarchus labrax,77,C.pcr2,EA-2016.10.31-TEES-SEI1
miya,Gadus morhua,5,C.pcr2,EA-2016.10.31-TEES-SEI1
miya,Hippoglossoides platessoides,8609,C.pcr2,EA-2016.10.31-TEES-SEI1
miya,Melanogrammus aeglefinus; Merlangius merlangus,25,C.pcr2,EA-2016.10.31-TEES-SEI1
miya,Perca fluviatilis,3,C.pcr2,EA-2016.10.31-TEES-SEI1
miya,Phoxinus phoxinus,4,C.pcr2,EA-2016.10.31-TEES-SEI1
miya,Pomatoschistus minutus,15260,C.pcr2,EA-2016.10.31-TEES-SEI1
miya,Salmo trutta,38,C.pcr2,EA-2016.10.31-TEES-SEI1
miya,Sardina pilchardus,118,C.pcr2,EA-2016.10.31-TEES-SEI1
miya,Scomber scombrus,6,C.pcr2,EA-2016.10.31-TEES-SEI1
miya,Taurulus bubalis,18634,C.pcr2,EA-2016.10.31-TEES-SEI1
miya,Trachurus trachurus,86,C.pcr2,EA-2016.10.31-TEES-SEI1
miya,Anguilla anguilla,4,C.pcr1,EA-2016.10.26-ESK-FYKE
miya,Aphia minuta,5,C.pcr1,EA-2016.10.26-ESK-FYKE
miya,Clupea harengus; Sprattus sprattus,62,C.pcr1,EA-2016.10.26-ESK-FYKE
miya,Cyclopterus lumpus,3,C.pcr1,EA-2016.10.26-ESK-FYKE
miya,Dicentrarchus labrax,18,C.pcr1,EA-2016.10.26-ESK-FYKE
miya,Gobius paganellus,30,C.pcr1,EA-2016.10.26-ESK-FYKE
miya,Hippoglossoides platessoides,20558,C.pcr1,EA-2016.10.26-ESK-FYKE
miya,Lampetra fluviatilis; Lampetra planeri,4,C.pcr1,EA-2016.10.26-ESK-FYKE
miya,Melanogrammus aeglefinus; Merlangius merlangus,13,C.pcr1,EA-2016.10.26-ESK-FYKE
miya,Oncorhynchus mykiss,39,C.pcr1,EA-2016.10.26-ESK-FYKE
miya,Phoxinus phoxinus,23,C.pcr1,EA-2016.10.26-ESK-FYKE
miya,Salmo trutta,7656,C.pcr1,EA-2016.10.26-ESK-FYKE
miya,Sardina pilchardus,7,C.pcr1,EA-2016.10.26-ESK-FYKE
miya,Taurulus bubalis,12,C.pcr1,EA-2016.10.26-ESK-FYKE
miya,Trisopterus luscus,5,C.pcr1,EA-2016.10.26-ESK-FYKE
miya,Chelon labrosus; Liza ramada,6,C.pcr1,EA-2016.10.31-TEES-SEI1
miya,Clupea harengus; Sprattus sprattus,23952,C.pcr1,EA-2016.10.31-TEES-SEI1
miya,Dicentrarchus labrax,7,C.pcr1,EA-2016.10.31-TEES-SEI1
miya,Gadus morhua,7,C.pcr1,EA-2016.10.31-TEES-SEI1
miya,Hippoglossoides platessoides,5125,C.pcr1,EA-2016.10.31-TEES-SEI1
miya,Phoxinus phoxinus,5,C.pcr1,EA-2016.10.31-TEES-SEI1
miya,Pomatoschistus minutus,8885,C.pcr1,EA-2016.10.31-TEES-SEI1
miya,Salmo trutta,18,C.pcr1,EA-2016.10.31-TEES-SEI1
miya,Sardina pilchardus,22,C.pcr1,EA-2016.10.31-TEES-SEI1
miya,Scomber scombrus,11,C.pcr1,EA-2016.10.31-TEES-SEI1
miya,Syngnathus typhle,11,C.pcr1,EA-2016.10.31-TEES-SEI1
miya,Taurulus bubalis,10517,C.pcr1,EA-2016.10.31-TEES-SEI1
miya,Trachurus trachurus,11,C.pcr1,EA-2016.10.31-TEES-SEI1
miya,Trisopterus minutus,10,C.pcr1,EA-2016.10.31-TEES-SEI1
miya,Aphia minuta,3,B.pcr2,EA-2016.10.26-ESK-FYKE
miya,Dicentrarchus labrax,13,B.pcr2,EA-2016.10.26-ESK-FYKE
miya,Gadus morhua,4448,B.pcr2,EA-2016.10.26-ESK-FYKE
miya,Gasterosteus aculeatus,6,B.pcr2,EA-2016.10.26-ESK-FYKE
miya,Gobius paganellus,20,B.pcr2,EA-2016.10.26-ESK-FYKE
miya,Hippoglossoides platessoides,15,B.pcr2,EA-2016.10.26-ESK-FYKE
miya,Lampetra fluviatilis; Lampetra planeri,929,B.pcr2,EA-2016.10.26-ESK-FYKE
miya,Molva molva,9035,B.pcr2,EA-2016.10.26-ESK-FYKE
miya,Oncorhynchus mykiss,34,B.pcr2,EA-2016.10.26-ESK-FYKE
miya,Phoxinus phoxinus,28,B.pcr2,EA-2016.10.26-ESK-FYKE
miya,Pomatoschistus minutus,5,B.pcr2,EA-2016.10.26-ESK-FYKE
miya,Salmo trutta,4952,B.pcr2,EA-2016.10.26-ESK-FYKE
miya,Scomber scombrus,9129,B.pcr2,EA-2016.10.26-ESK-FYKE
miya,Taurulus bubalis,5,B.pcr2,EA-2016.10.26-ESK-FYKE
miya,Anguilla anguilla,18,A.pcr2,EA-2016.10.31-TEES-SEI1
miya,Atherina boyeri,12,A.pcr2,EA-2016.10.31-TEES-SEI1
miya,Barbatula barbatula,10,A.pcr2,EA-2016.10.31-TEES-SEI1
miya,Chelon labrosus; Liza ramada,5,A.pcr2,EA-2016.10.31-TEES-SEI1
miya,Clupea harengus,22632,A.pcr2,EA-2016.10.31-TEES-SEI1
miya,Clupea harengus; Sprattus sprattus,27308,A.pcr2,EA-2016.10.31-TEES-SEI1
miya,Cottus gobio,10,A.pcr2,EA-2016.10.31-TEES-SEI1
miya,Cyclopterus lumpus,4,A.pcr2,EA-2016.10.31-TEES-SEI1
miya,Dicentrarchus labrax,46,A.pcr2,EA-2016.10.31-TEES-SEI1
miya,Gasterosteus aculeatus,11,A.pcr2,EA-2016.10.31-TEES-SEI1
miya,Gobio gobio,8,A.pcr2,EA-2016.10.31-TEES-SEI1
miya,Gobius paganellus,17,A.pcr2,EA-2016.10.31-TEES-SEI1
miya,Hippoglossoides platessoides,33,A.pcr2,EA-2016.10.31-TEES-SEI1
miya,Melanogrammus aeglefinus; Merlangius merlangus,17,A.pcr2,EA-2016.10.31-TEES-SEI1
miya,Oncorhynchus mykiss,47,A.pcr2,EA-2016.10.31-TEES-SEI1
miya,Perca fluviatilis,6,A.pcr2,EA-2016.10.31-TEES-SEI1
miya,Phoxinus phoxinus,19,A.pcr2,EA-2016.10.31-TEES-SEI1
miya,Pomatoschistus minutus,42,A.pcr2,EA-2016.10.31-TEES-SEI1
miya,Salmo trutta,5753,A.pcr2,EA-2016.10.31-TEES-SEI1
miya,Sardina pilchardus,13,A.pcr2,EA-2016.10.31-TEES-SEI1
miya,Scomber scombrus,7,A.pcr2,EA-2016.10.31-TEES-SEI1
miya,Taurulus bubalis,10,A.pcr2,EA-2016.10.31-TEES-SEI1
miya,Anguilla anguilla,16,C.pcr1,MBA-2016.11.04-WHIT-02
miya,Aphia minuta,7,C.pcr1,MBA-2016.11.04-WHIT-02
miya,Atherina boyeri,6,C.pcr1,MBA-2016.11.04-WHIT-02
miya,Chelon labrosus; Liza ramada,21,C.pcr1,MBA-2016.11.04-WHIT-02
miya,Clupea harengus,91,C.pcr1,MBA-2016.11.04-WHIT-02
miya,Clupea harengus; Sprattus sprattus,118,C.pcr1,MBA-2016.11.04-WHIT-02
miya,Cottus gobio,6,C.pcr1,MBA-2016.11.04-WHIT-02
miya,Cyclopterus lumpus,4,C.pcr1,MBA-2016.11.04-WHIT-02
miya,Dicentrarchus labrax,11287,C.pcr1,MBA-2016.11.04-WHIT-02
miya,Gadus morhua,84,C.pcr1,MBA-2016.11.04-WHIT-02
miya,Gobius paganellus,48,C.pcr1,MBA-2016.11.04-WHIT-02
miya,Hippoglossoides platessoides,10790,C.pcr1,MBA-2016.11.04-WHIT-02
miya,Melanogrammus aeglefinus; Merlangius merlangus,3019,C.pcr1,MBA-2016.11.04-WHIT-02
miya,Oncorhynchus mykiss,109,C.pcr1,MBA-2016.11.04-WHIT-02
miya,Phoxinus phoxinus,41,C.pcr1,MBA-2016.11.04-WHIT-02
miya,Salmo trutta,97,C.pcr1,MBA-2016.11.04-WHIT-02
miya,Sardina pilchardus,22380,C.pcr1,MBA-2016.11.04-WHIT-02
miya,Scomber scombrus,3,C.pcr1,MBA-2016.11.04-WHIT-02
miya,Solea solea,4,C.pcr1,MBA-2016.11.04-WHIT-02
miya,Taurulus bubalis,9,C.pcr1,MBA-2016.11.04-WHIT-02
miya,Trachurus trachurus,16863,C.pcr1,MBA-2016.11.04-WHIT-02
miya,Trisopterus luscus,7,C.pcr1,MBA-2016.11.04-WHIT-02
miya,Anguilla anguilla,2,C.pcr2,EA-2016.10.26-ESK-FYKE
miya,Chelon labrosus; Liza ramada,2,C.pcr2,EA-2016.10.26-ESK-FYKE
miya,Clupea harengus,23,C.pcr2,EA-2016.10.26-ESK-FYKE
miya,Clupea harengus; Sprattus sprattus,14,C.pcr2,EA-2016.10.26-ESK-FYKE
miya,Dicentrarchus labrax,6,C.pcr2,EA-2016.10.26-ESK-FYKE
miya,Gadus morhua,6,C.pcr2,EA-2016.10.26-ESK-FYKE
miya,Hippoglossoides platessoides,18685,C.pcr2,EA-2016.10.26-ESK-FYKE
miya,Lampetra fluviatilis; Lampetra planeri,3,C.pcr2,EA-2016.10.26-ESK-FYKE
miya,Phoxinus phoxinus,5,C.pcr2,EA-2016.10.26-ESK-FYKE
miya,Pomatoschistus minutus,5,C.pcr2,EA-2016.10.26-ESK-FYKE
miya,Salmo trutta,6748,C.pcr2,EA-2016.10.26-ESK-FYKE
miya,Scomber scombrus,10,C.pcr2,EA-2016.10.26-ESK-FYKE
miya,Trachurus trachurus,9,C.pcr2,EA-2016.10.26-ESK-FYKE
miya,Anguilla anguilla,9261,B.pcr1,EA-2016.10.26-ESK-SEI1
miya,Aphia minuta,4,B.pcr1,EA-2016.10.26-ESK-SEI1
miya,Atherina boyeri,7,B.pcr1,EA-2016.10.26-ESK-SEI1
miya,Barbatula barbatula,5422,B.pcr1,EA-2016.10.26-ESK-SEI1
miya,Chelon labrosus; Liza ramada,6,B.pcr1,EA-2016.10.26-ESK-SEI1
miya,Clupea harengus; Sprattus sprattus,57,B.pcr1,EA-2016.10.26-ESK-SEI1
miya,Cottus gobio,7,B.pcr1,EA-2016.10.26-ESK-SEI1
miya,Dicentrarchus labrax,35,B.pcr1,EA-2016.10.26-ESK-SEI1
miya,Gasterosteus aculeatus,11,B.pcr1,EA-2016.10.26-ESK-SEI1
miya,Gobio gobio,2002,B.pcr1,EA-2016.10.26-ESK-SEI1
miya,Gobius paganellus,18,B.pcr1,EA-2016.10.26-ESK-SEI1
miya,Hippoglossoides platessoides,6860,B.pcr1,EA-2016.10.26-ESK-SEI1
miya,Melanogrammus aeglefinus; Merlangius merlangus,7,B.pcr1,EA-2016.10.26-ESK-SEI1
miya,Oncorhynchus mykiss,57,B.pcr1,EA-2016.10.26-ESK-SEI1
miya,Phoxinus phoxinus,5,B.pcr1,EA-2016.10.26-ESK-SEI1
miya,Pomatoschistus minutus,15,B.pcr1,EA-2016.10.26-ESK-SEI1
miya,Salmo trutta,21888,B.pcr1,EA-2016.10.26-ESK-SEI1
miya,Sardina pilchardus,2,B.pcr1,EA-2016.10.26-ESK-SEI1
miya,Taurulus bubalis,4,B.pcr1,EA-2016.10.26-ESK-SEI1
miya,Clupea harengus,32,C.pcr2,MBA-2016.11.04-WHIT-02
miya,Dicentrarchus labrax,7820,C.pcr2,MBA-2016.11.04-WHIT-02
miya,Hippoglossoides platessoides,6530,C.pcr2,MBA-2016.11.04-WHIT-02
miya,Melanogrammus aeglefinus; Merlangius merlangus,2053,C.pcr2,MBA-2016.11.04-WHIT-02
miya,Phoxinus phoxinus,4,C.pcr2,MBA-2016.11.04-WHIT-02
miya,Pomatoschistus minutus,4,C.pcr2,MBA-2016.11.04-WHIT-02
miya,Salmo trutta,23,C.pcr2,MBA-2016.11.04-WHIT-02
miya,Sardina pilchardus,12896,C.pcr2,MBA-2016.11.04-WHIT-02
miya,Scomber scombrus,129,C.pcr2,MBA-2016.11.04-WHIT-02
miya,Trachurus trachurus,10231,C.pcr2,MBA-2016.11.04-WHIT-02
miya,Anguilla anguilla,12,C.pcr1,PISC-2016.11.24-SOT-01
miya,Aphia minuta,1613,C.pcr1,PISC-2016.11.24-SOT-01
miya,Barbatula barbatula,1371,C.pcr1,PISC-2016.11.24-SOT-01
miya,Chelon labrosus; Liza ramada,6774,C.pcr1,PISC-2016.11.24-SOT-01
miya,Clupea harengus,7646,C.pcr1,PISC-2016.11.24-SOT-01
miya,Clupea harengus; Sprattus sprattus,2437,C.pcr1,PISC-2016.11.24-SOT-01
miya,Cottus gobio,4541,C.pcr1,PISC-2016.11.24-SOT-01
miya,Dicentrarchus labrax,7767,C.pcr1,PISC-2016.11.24-SOT-01
miya,Gadus morhua,139,C.pcr1,PISC-2016.11.24-SOT-01
miya,Gasterosteus aculeatus,5906,C.pcr1,PISC-2016.11.24-SOT-01
miya,Gobius paganellus,744,C.pcr1,PISC-2016.11.24-SOT-01
miya,Hippoglossoides platessoides,152,C.pcr1,PISC-2016.11.24-SOT-01
miya,Lampetra fluviatilis; Lampetra planeri,98,C.pcr1,PISC-2016.11.24-SOT-01
miya,Leuciscus leuciscus,1080,C.pcr1,PISC-2016.11.24-SOT-01
miya,Melanogrammus aeglefinus; Merlangius merlangus,325,C.pcr1,PISC-2016.11.24-SOT-01
miya,Oncorhynchus mykiss,21999,C.pcr1,PISC-2016.11.24-SOT-01
miya,Phoxinus phoxinus,6076,C.pcr1,PISC-2016.11.24-SOT-01
miya,Pomatoschistus minutus,912,C.pcr1,PISC-2016.11.24-SOT-01
miya,Rutilus rutilus,442,C.pcr1,PISC-2016.11.24-SOT-01
miya,Salmo trutta,2622,C.pcr1,PISC-2016.11.24-SOT-01
miya,Sardina pilchardus,83,C.pcr1,PISC-2016.11.24-SOT-01
miya,Thymallus thymallus,89,C.pcr1,PISC-2016.11.24-SOT-01
miya,Trachurus trachurus,80,C.pcr1,PISC-2016.11.24-SOT-01
miya,Trisopterus luscus,6,C.pcr1,PISC-2016.11.24-SOT-01
miya,Anguilla anguilla,138,A.pcr2,EA-2016.10.26-ESK-FYKE
miya,Aphia minuta,11,A.pcr2,EA-2016.10.26-ESK-FYKE
miya,Atherina boyeri,40,A.pcr2,EA-2016.10.26-ESK-FYKE
miya,Barbatula barbatula,79,A.pcr2,EA-2016.10.26-ESK-FYKE
miya,Chelon labrosus; Liza ramada,12,A.pcr2,EA-2016.10.26-ESK-FYKE
miya,Clupea harengus,4851,A.pcr2,EA-2016.10.26-ESK-FYKE
miya,Clupea harengus; Sprattus sprattus,219,A.pcr2,EA-2016.10.26-ESK-FYKE
miya,Cottus gobio,24,A.pcr2,EA-2016.10.26-ESK-FYKE
miya,Cyclopterus lumpus,5,A.pcr2,EA-2016.10.26-ESK-FYKE
miya,Dicentrarchus labrax,80,A.pcr2,EA-2016.10.26-ESK-FYKE
miya,Gadus morhua,8269,A.pcr2,EA-2016.10.26-ESK-FYKE
miya,Gasterosteus aculeatus,42,A.pcr2,EA-2016.10.26-ESK-FYKE
miya,Gobio gobio,30,A.pcr2,EA-2016.10.26-ESK-FYKE
miya,Gobius paganellus,42,A.pcr2,EA-2016.10.26-ESK-FYKE
miya,Hippoglossoides platessoides,2988,A.pcr2,EA-2016.10.26-ESK-FYKE
miya,Molva molva,6,A.pcr2,EA-2016.10.26-ESK-FYKE
miya,Oncorhynchus mykiss,176,A.pcr2,EA-2016.10.26-ESK-FYKE
miya,Perca fluviatilis,14,A.pcr2,EA-2016.10.26-ESK-FYKE
miya,Phoxinus phoxinus,104,A.pcr2,EA-2016.10.26-ESK-FYKE
miya,Pollachius pollachius,866,A.pcr2,EA-2016.10.26-ESK-FYKE
miya,Pomatoschistus minutus,5714,A.pcr2,EA-2016.10.26-ESK-FYKE
miya,Salmo salar,13,A.pcr2,EA-2016.10.26-ESK-FYKE
miya,Salmo trutta,25731,A.pcr2,EA-2016.10.26-ESK-FYKE
miya,Sardina pilchardus,3,A.pcr2,EA-2016.10.26-ESK-FYKE
miya,Scomber scombrus,12,A.pcr2,EA-2016.10.26-ESK-FYKE
miya,Squalius cephalus,10,A.pcr2,EA-2016.10.26-ESK-FYKE
miya,Anguilla anguilla,216,B.pcr1,EA-2016.10.26-ESK-FYKE
miya,Aphia minuta,6,B.pcr1,EA-2016.10.26-ESK-FYKE
miya,Atherina boyeri,10,B.pcr1,EA-2016.10.26-ESK-FYKE
miya,Barbatula barbatula,104,B.pcr1,EA-2016.10.26-ESK-FYKE
miya,Chelon labrosus; Liza ramada,4,B.pcr1,EA-2016.10.26-ESK-FYKE
miya,Clupea harengus,102,B.pcr1,EA-2016.10.26-ESK-FYKE
miya,Clupea harengus; Sprattus sprattus,72,B.pcr1,EA-2016.10.26-ESK-FYKE
miya,Cottus gobio,2,B.pcr1,EA-2016.10.26-ESK-FYKE
miya,Dicentrarchus labrax,38,B.pcr1,EA-2016.10.26-ESK-FYKE
miya,Gadus morhua,3363,B.pcr1,EA-2016.10.26-ESK-FYKE
miya,Gasterosteus aculeatus,3,B.pcr1,EA-2016.10.26-ESK-FYKE
miya,Gobio gobio,52,B.pcr1,EA-2016.10.26-ESK-FYKE
miya,Gobius paganellus,5,B.pcr1,EA-2016.10.26-ESK-FYKE
miya,Hippoglossoides platessoides,204,B.pcr1,EA-2016.10.26-ESK-FYKE
miya,Lampetra fluviatilis; Lampetra planeri,626,B.pcr1,EA-2016.10.26-ESK-FYKE
miya,Molva molva,7278,B.pcr1,EA-2016.10.26-ESK-FYKE
miya,Oncorhynchus mykiss,22,B.pcr1,EA-2016.10.26-ESK-FYKE
miya,Phoxinus phoxinus,11,B.pcr1,EA-2016.10.26-ESK-FYKE
miya,Pomatoschistus minutus,20,B.pcr1,EA-2016.10.26-ESK-FYKE
miya,Salmo trutta,4094,B.pcr1,EA-2016.10.26-ESK-FYKE
miya,Sardina pilchardus,58,B.pcr1,EA-2016.10.26-ESK-FYKE
miya,Scomber scombrus,6670,B.pcr1,EA-2016.10.26-ESK-FYKE
miya,Trachurus trachurus,29,B.pcr1,EA-2016.10.26-ESK-FYKE
miya,Trisopterus minutus,12,B.pcr1,EA-2016.10.26-ESK-FYKE
miya,Chelon labrosus; Liza ramada,4038,B.pcr2,MBA-2016.11.04-WHIT-02
miya,Clupea harengus; Sprattus sprattus,9,B.pcr2,MBA-2016.11.04-WHIT-02
miya,Dicentrarchus labrax,4415,B.pcr2,MBA-2016.11.04-WHIT-02
miya,Gadus morhua,3,B.pcr2,MBA-2016.11.04-WHIT-02
miya,Gobius paganellus,2,B.pcr2,MBA-2016.11.04-WHIT-02
miya,Hippoglossoides platessoides,12727,B.pcr2,MBA-2016.11.04-WHIT-02
miya,Salmo trutta,34,B.pcr2,MBA-2016.11.04-WHIT-02
miya,Sardina pilchardus,11213,B.pcr2,MBA-2016.11.04-WHIT-02
miya,Scomber scombrus,3872,B.pcr2,MBA-2016.11.04-WHIT-02
miya,Syngnathus typhle,6959,B.pcr2,MBA-2016.11.04-WHIT-02
miya,Trachurus trachurus,1918,B.pcr2,MBA-2016.11.04-WHIT-02
miya,Trisopterus minutus,2960,B.pcr2,MBA-2016.11.04-WHIT-02
miya,Chelon labrosus; Liza ramada,70,A.pcr2,EA-2016.10.26-ESK-SEI1
miya,Clupea harengus,44,A.pcr2,EA-2016.10.26-ESK-SEI1
miya,Dicentrarchus labrax,71,A.pcr2,EA-2016.10.26-ESK-SEI1
miya,Gadus morhua,23,A.pcr2,EA-2016.10.26-ESK-SEI1
miya,Gasterosteus aculeatus,3267,A.pcr2,EA-2016.10.26-ESK-SEI1
miya,Hippoglossoides platessoides,14692,A.pcr2,EA-2016.10.26-ESK-SEI1
miya,Molva molva,9,A.pcr2,EA-2016.10.26-ESK-SEI1
miya,Oncorhynchus mykiss,30,A.pcr2,EA-2016.10.26-ESK-SEI1
miya,Phoxinus phoxinus,9202,A.pcr2,EA-2016.10.26-ESK-SEI1
miya,Pomatoschistus minutus,17,A.pcr2,EA-2016.10.26-ESK-SEI1
miya,Salmo salar,1800,A.pcr2,EA-2016.10.26-ESK-SEI1
miya,Salmo trutta,23707,A.pcr2,EA-2016.10.26-ESK-SEI1
miya,Sardina pilchardus,169,A.pcr2,EA-2016.10.26-ESK-SEI1
miya,Scomber scombrus,88,A.pcr2,EA-2016.10.26-ESK-SEI1
miya,Syngnathus typhle,97,A.pcr2,EA-2016.10.26-ESK-SEI1
miya,Trachurus trachurus,35,A.pcr2,EA-2016.10.26-ESK-SEI1
miya,Trisopterus minutus,47,A.pcr2,EA-2016.10.26-ESK-SEI1
miya,Anguilla anguilla,2,C.pcr1,EA-2016.10.26-ESK-SEI1
miya,Atherina boyeri,3,C.pcr1,EA-2016.10.26-ESK-SEI1
miya,Chelon labrosus; Liza ramada,2,C.pcr1,EA-2016.10.26-ESK-SEI1
miya,Clupea harengus; Sprattus sprattus,13,C.pcr1,EA-2016.10.26-ESK-SEI1
miya,Dicentrarchus labrax,19,C.pcr1,EA-2016.10.26-ESK-SEI1
miya,Hippoglossoides platessoides,44,C.pcr1,EA-2016.10.26-ESK-SEI1
miya,Phoxinus phoxinus,10675,C.pcr1,EA-2016.10.26-ESK-SEI1
miya,Pomatoschistus minutus,4,C.pcr1,EA-2016.10.26-ESK-SEI1
miya,Salmo trutta,36816,C.pcr1,EA-2016.10.26-ESK-SEI1
miya,Scomber scombrus,21,C.pcr1,EA-2016.10.26-ESK-SEI1
miya,Anguilla anguilla,4,A.pcr1,EA-2016.10.26-ESK-FYKE
miya,Clupea harengus,4282,A.pcr1,EA-2016.10.26-ESK-FYKE
miya,Dicentrarchus labrax,10,A.pcr1,EA-2016.10.26-ESK-FYKE
miya,Gadus morhua,7872,A.pcr1,EA-2016.10.26-ESK-FYKE
miya,Gobio gobio,3,A.pcr1,EA-2016.10.26-ESK-FYKE
miya,Hippoglossoides platessoides,2556,A.pcr1,EA-2016.10.26-ESK-FYKE
miya,Pollachius pollachius,838,A.pcr1,EA-2016.10.26-ESK-FYKE
miya,Pomatoschistus minutus,5050,A.pcr1,EA-2016.10.26-ESK-FYKE
miya,Salmo trutta,23961,A.pcr1,EA-2016.10.26-ESK-FYKE
miya,Sardina pilchardus,13,A.pcr1,EA-2016.10.26-ESK-FYKE
miya,Scomber scombrus,23,A.pcr1,EA-2016.10.26-ESK-FYKE
miya,Anguilla anguilla,35,B.pcr1,MBA-2016.11.04-WHIT-02
miya,Barbatula barbatula,31,B.pcr1,MBA-2016.11.04-WHIT-02
miya,Chelon labrosus; Liza ramada,6940,B.pcr1,MBA-2016.11.04-WHIT-02
miya,Clupea harengus,64,B.pcr1,MBA-2016.11.04-WHIT-02
miya,Clupea harengus; Sprattus sprattus,50,B.pcr1,MBA-2016.11.04-WHIT-02
miya,Cottus gobio,2,B.pcr1,MBA-2016.11.04-WHIT-02
miya,Dicentrarchus labrax,7157,B.pcr1,MBA-2016.11.04-WHIT-02
miya,Gadus morhua,80,B.pcr1,MBA-2016.11.04-WHIT-02
miya,Gobio gobio,15,B.pcr1,MBA-2016.11.04-WHIT-02
miya,Hippoglossoides platessoides,21219,B.pcr1,MBA-2016.11.04-WHIT-02
miya,Melanogrammus aeglefinus; Merlangius merlangus,9,B.pcr1,MBA-2016.11.04-WHIT-02
miya,Molva molva,10,B.pcr1,MBA-2016.11.04-WHIT-02
miya,Pomatoschistus minutus,7,B.pcr1,MBA-2016.11.04-WHIT-02
miya,Salmo trutta,130,B.pcr1,MBA-2016.11.04-WHIT-02
miya,Sardina pilchardus,19156,B.pcr1,MBA-2016.11.04-WHIT-02
miya,Scomber scombrus,6769,B.pcr1,MBA-2016.11.04-WHIT-02
miya,Syngnathus typhle,11638,B.pcr1,MBA-2016.11.04-WHIT-02
miya,Trachurus trachurus,3136,B.pcr1,MBA-2016.11.04-WHIT-02
miya,Trisopterus minutus,4928,B.pcr1,MBA-2016.11.04-WHIT-02
miya,Clupea harengus,41,A.pcr1,EA-2016.10.26-ESK-SEI1
miya,Dicentrarchus labrax,14,A.pcr1,EA-2016.10.26-ESK-SEI1
miya,Gadus morhua,26,A.pcr1,EA-2016.10.26-ESK-SEI1
miya,Gasterosteus aculeatus,3327,A.pcr1,EA-2016.10.26-ESK-SEI1
miya,Hippoglossoides platessoides,16654,A.pcr1,EA-2016.10.26-ESK-SEI1
miya,Phoxinus phoxinus,10215,A.pcr1,EA-2016.10.26-ESK-SEI1
miya,Pomatoschistus minutus,6,A.pcr1,EA-2016.10.26-ESK-SEI1
miya,Salmo salar,1624,A.pcr1,EA-2016.10.26-ESK-SEI1
miya,Salmo trutta,26843,A.pcr1,EA-2016.10.26-ESK-SEI1
miya,Sardina pilchardus,31,A.pcr1,EA-2016.10.26-ESK-SEI1
miya,Scomber scombrus,92,A.pcr1,EA-2016.10.26-ESK-SEI1
miya,Trachurus trachurus,23,A.pcr1,EA-2016.10.26-ESK-SEI1
miya,Anguilla anguilla,43,B.pcr2,EA-2016.10.31-TEES-SEI1
miya,Barbatula barbatula,27,B.pcr2,EA-2016.10.31-TEES-SEI1
miya,Chelon labrosus; Liza ramada,5,B.pcr2,EA-2016.10.31-TEES-SEI1
miya,Clupea harengus,23881,B.pcr2,EA-2016.10.31-TEES-SEI1
miya,Clupea harengus; Sprattus sprattus,12288,B.pcr2,EA-2016.10.31-TEES-SEI1
miya,Cottus gobio,5,B.pcr2,EA-2016.10.31-TEES-SEI1
miya,Dicentrarchus labrax,17,B.pcr2,EA-2016.10.31-TEES-SEI1
miya,Gadus morhua,19540,B.pcr2,EA-2016.10.31-TEES-SEI1
miya,Gobio gobio,6,B.pcr2,EA-2016.10.31-TEES-SEI1
miya,Hippoglossoides platessoides,75,B.pcr2,EA-2016.10.31-TEES-SEI1
miya,Pomatoschistus minutus,20,B.pcr2,EA-2016.10.31-TEES-SEI1
miya,Salmo trutta,98,B.pcr2,EA-2016.10.31-TEES-SEI1
miya,Sardina pilchardus,24,B.pcr2,EA-2016.10.31-TEES-SEI1
miya,Scomber scombrus,7,B.pcr2,EA-2016.10.31-TEES-SEI1
miya,Taurulus bubalis,28,B.pcr2,EA-2016.10.31-TEES-SEI1
miya,Trachurus trachurus,10,B.pcr2,EA-2016.10.31-TEES-SEI1
miya,Anguilla anguilla,31,A.pcr1,MBA-2016.11.04-WHIT-02
miya,Atherina boyeri,5,A.pcr1,MBA-2016.11.04-WHIT-02
miya,Chelon labrosus; Liza ramada,5,A.pcr1,MBA-2016.11.04-WHIT-02
miya,Clupea harengus,3863,A.pcr1,MBA-2016.11.04-WHIT-02
miya,Cottus gobio,4,A.pcr1,MBA-2016.11.04-WHIT-02
miya,Dicentrarchus labrax,12,A.pcr1,MBA-2016.11.04-WHIT-02
miya,Gobio gobio,9,A.pcr1,MBA-2016.11.04-WHIT-02
miya,Hippoglossoides platessoides,23343,A.pcr1,MBA-2016.11.04-WHIT-02
miya,Melanogrammus aeglefinus; Merlangius merlangus,4587,A.pcr1,MBA-2016.11.04-WHIT-02
miya,Oncorhynchus mykiss,20,A.pcr1,MBA-2016.11.04-WHIT-02
miya,Phoxinus phoxinus,4,A.pcr1,MBA-2016.11.04-WHIT-02
miya,Pomatoschistus minutus,23,A.pcr1,MBA-2016.11.04-WHIT-02
miya,Salmo trutta,83,A.pcr1,MBA-2016.11.04-WHIT-02
miya,Sardina pilchardus,13927,A.pcr1,MBA-2016.11.04-WHIT-02
miya,Scomber scombrus,2628,A.pcr1,MBA-2016.11.04-WHIT-02
miya,Taurulus bubalis,10,A.pcr1,MBA-2016.11.04-WHIT-02
miya,Trachurus trachurus,10041,A.pcr1,MBA-2016.11.04-WHIT-02
miya,Trisopterus minutus,2656,A.pcr1,MBA-2016.11.04-WHIT-02
miya,Anguilla anguilla,8,C.pcr2,EA-2016.10.26-ESK-SEI1
miya,Atherina boyeri,7,C.pcr2,EA-2016.10.26-ESK-SEI1
miya,Barbatula barbatula,4,C.pcr2,EA-2016.10.26-ESK-SEI1
miya,Chelon labrosus; Liza ramada,5,C.pcr2,EA-2016.10.26-ESK-SEI1
miya,Clupea harengus; Sprattus sprattus,47,C.pcr2,EA-2016.10.26-ESK-SEI1
miya,Dicentrarchus labrax,16,C.pcr2,EA-2016.10.26-ESK-SEI1
miya,Gasterosteus aculeatus,28,C.pcr2,EA-2016.10.26-ESK-SEI1
miya,Gobio gobio,4,C.pcr2,EA-2016.10.26-ESK-SEI1
miya,Hippoglossoides platessoides,96,C.pcr2,EA-2016.10.26-ESK-SEI1
miya,Melanogrammus aeglefinus; Merlangius merlangus,7,C.pcr2,EA-2016.10.26-ESK-SEI1
miya,Oncorhynchus mykiss,27,C.pcr2,EA-2016.10.26-ESK-SEI1
miya,Phoxinus phoxinus,13052,C.pcr2,EA-2016.10.26-ESK-SEI1
miya,Pomatoschistus minutus,9,C.pcr2,EA-2016.10.26-ESK-SEI1
miya,Salmo trutta,43774,C.pcr2,EA-2016.10.26-ESK-SEI1
miya,Sardina pilchardus,6,C.pcr2,EA-2016.10.26-ESK-SEI1
miya,Scomber scombrus,19,C.pcr2,EA-2016.10.26-ESK-SEI1
miya,Taurulus bubalis,4,C.pcr2,EA-2016.10.26-ESK-SEI1
miya,Trachurus trachurus,3,C.pcr2,EA-2016.10.26-ESK-SEI1
miya,Aphia minuta,880,A.pcr1,PISC-2016.11.24-SOT-01
miya,Atherina boyeri,2297,A.pcr1,PISC-2016.11.24-SOT-01
miya,Chelon labrosus; Liza ramada,1281,A.pcr1,PISC-2016.11.24-SOT-01
miya,Clupea harengus,4440,A.pcr1,PISC-2016.11.24-SOT-01
miya,Clupea harengus; Sprattus sprattus,3784,A.pcr1,PISC-2016.11.24-SOT-01
miya,Cottus gobio,1424,A.pcr1,PISC-2016.11.24-SOT-01
miya,Cyclopterus lumpus,367,A.pcr1,PISC-2016.11.24-SOT-01
miya,Cyprinus carpio,270,A.pcr1,PISC-2016.11.24-SOT-01
miya,Dicentrarchus labrax,5903,A.pcr1,PISC-2016.11.24-SOT-01
miya,Gasterosteus aculeatus,1437,A.pcr1,PISC-2016.11.24-SOT-01
miya,Gobius paganellus,2516,A.pcr1,PISC-2016.11.24-SOT-01
miya,Hippoglossoides platessoides,1092,A.pcr1,PISC-2016.11.24-SOT-01
miya,Melanogrammus aeglefinus; Merlangius merlangus,862,A.pcr1,PISC-2016.11.24-SOT-01
miya,Oncorhynchus mykiss,12548,A.pcr1,PISC-2016.11.24-SOT-01
miya,Perca fluviatilis,1001,A.pcr1,PISC-2016.11.24-SOT-01
miya,Phoxinus phoxinus,911,A.pcr1,PISC-2016.11.24-SOT-01
miya,Pomatoschistus minutus,4827,A.pcr1,PISC-2016.11.24-SOT-01
miya,Salmo trutta,1720,A.pcr1,PISC-2016.11.24-SOT-01
miya,Sardina pilchardus,5,A.pcr1,PISC-2016.11.24-SOT-01
miya,Scomber scombrus,135,A.pcr1,PISC-2016.11.24-SOT-01
miya,Squalius cephalus,637,A.pcr1,PISC-2016.11.24-SOT-01
miya,Thymallus thymallus,552,A.pcr1,PISC-2016.11.24-SOT-01
miya,Anguilla anguilla,45,A.pcr2,PISC-2016.11.24-SOT-01
miya,Aphia minuta,1150,A.pcr2,PISC-2016.11.24-SOT-01
miya,Atherina boyeri,2811,A.pcr2,PISC-2016.11.24-SOT-01
miya,Barbatula barbatula,7,A.pcr2,PISC-2016.11.24-SOT-01
miya,Chelon labrosus; Liza ramada,1539,A.pcr2,PISC-2016.11.24-SOT-01
miya,Clupea harengus,5489,A.pcr2,PISC-2016.11.24-SOT-01
miya,Clupea harengus; Sprattus sprattus,5204,A.pcr2,PISC-2016.11.24-SOT-01
miya,Cottus gobio,1698,A.pcr2,PISC-2016.11.24-SOT-01
miya,Cyclopterus lumpus,441,A.pcr2,PISC-2016.11.24-SOT-01
miya,Cyprinus carpio,327,A.pcr2,PISC-2016.11.24-SOT-01
miya,Dicentrarchus labrax,7604,A.pcr2,PISC-2016.11.24-SOT-01
miya,Gasterosteus aculeatus,1759,A.pcr2,PISC-2016.11.24-SOT-01
miya,Gobio gobio,9,A.pcr2,PISC-2016.11.24-SOT-01
miya,Gobius paganellus,2968,A.pcr2,PISC-2016.11.24-SOT-01
miya,Hippoglossoides platessoides,1388,A.pcr2,PISC-2016.11.24-SOT-01
miya,Melanogrammus aeglefinus; Merlangius merlangus,1092,A.pcr2,PISC-2016.11.24-SOT-01
miya,Oncorhynchus mykiss,14383,A.pcr2,PISC-2016.11.24-SOT-01
miya,Perca fluviatilis,1195,A.pcr2,PISC-2016.11.24-SOT-01
miya,Phoxinus phoxinus,1162,A.pcr2,PISC-2016.11.24-SOT-01
miya,Pomatoschistus minutus,5756,A.pcr2,PISC-2016.11.24-SOT-01
miya,Salmo trutta,1777,A.pcr2,PISC-2016.11.24-SOT-01
miya,Sardina pilchardus,9,A.pcr2,PISC-2016.11.24-SOT-01
miya,Scomber scombrus,6,A.pcr2,PISC-2016.11.24-SOT-01
miya,Squalius cephalus,742,A.pcr2,PISC-2016.11.24-SOT-01
miya,Thymallus thymallus,655,A.pcr2,PISC-2016.11.24-SOT-01
miya,Anguilla anguilla,12,C.pcr2,PISC-2016.11.24-SOT-01
miya,Aphia minuta,1299,C.pcr2,PISC-2016.11.24-SOT-01
miya,Barbatula barbatula,1089,C.pcr2,PISC-2016.11.24-SOT-01
miya,Chelon labrosus; Liza ramada,4453,C.pcr2,PISC-2016.11.24-SOT-01
miya,Clupea harengus,5814,C.pcr2,PISC-2016.11.24-SOT-01
miya,Clupea harengus; Sprattus sprattus,1670,C.pcr2,PISC-2016.11.24-SOT-01
miya,Cottus gobio,3335,C.pcr2,PISC-2016.11.24-SOT-01
miya,Dicentrarchus labrax,5342,C.pcr2,PISC-2016.11.24-SOT-01
miya,Gadus morhua,70,C.pcr2,PISC-2016.11.24-SOT-01
miya,Gasterosteus aculeatus,3913,C.pcr2,PISC-2016.11.24-SOT-01
miya,Gobius paganellus,514,C.pcr2,PISC-2016.11.24-SOT-01
miya,Hippoglossoides platessoides,115,C.pcr2,PISC-2016.11.24-SOT-01
miya,Lampetra fluviatilis; Lampetra planeri,117,C.pcr2,PISC-2016.11.24-SOT-01
miya,Leuciscus leuciscus,917,C.pcr2,PISC-2016.11.24-SOT-01
miya,Melanogrammus aeglefinus; Merlangius merlangus,285,C.pcr2,PISC-2016.11.24-SOT-01
miya,Oncorhynchus mykiss,15820,C.pcr2,PISC-2016.11.24-SOT-01
miya,Phoxinus phoxinus,4570,C.pcr2,PISC-2016.11.24-SOT-01
miya,Pomatoschistus minutus,698,C.pcr2,PISC-2016.11.24-SOT-01
miya,Rutilus rutilus,387,C.pcr2,PISC-2016.11.24-SOT-01
miya,Salmo trutta,2085,C.pcr2,PISC-2016.11.24-SOT-01
miya,Sardina pilchardus,143,C.pcr2,PISC-2016.11.24-SOT-01
miya,Scomber scombrus,75,C.pcr2,PISC-2016.11.24-SOT-01
miya,Taurulus bubalis,5,C.pcr2,PISC-2016.11.24-SOT-01
miya,Thymallus thymallus,99,C.pcr2,PISC-2016.11.24-SOT-01
miya,Trachurus trachurus,126,C.pcr2,PISC-2016.11.24-SOT-01
leray-xt,Trisopterus minutus,3,C.pcr1,MBA-2016.11.04-WHIT-02
leray-xt,Atherina boyeri,3,B.pcr1,EA-2016.10.31-TEES-SEI1
leray-xt,Salmo trutta,85,B.pcr2,EA-2016.10.26-ESK-SEI1
leray-xt,Barbatula barbatula,3,A.pcr2,PISC-2016.11.24-SOT-01
leray-xt,Belone belone,6,A.pcr2,PISC-2016.11.24-SOT-01
leray-xt,Leuciscus leuciscus,2,A.pcr2,PISC-2016.11.24-SOT-01
leray-xt,Oncorhynchus mykiss,11,A.pcr2,PISC-2016.11.24-SOT-01
leray-xt,Salmo trutta,4,A.pcr2,PISC-2016.11.24-SOT-01
leray-xt,Trisopterus luscus,9,A.pcr2,PISC-2016.11.24-SOT-01
leray-xt,Molva molva,5,C.pcr2,EA-2016.10.26-ESK-FYKE
leray-xt,Salmo trutta,18,C.pcr2,EA-2016.10.26-ESK-FYKE
leray-xt,Aphia minuta,5,C.pcr1,PISC-2016.11.24-SOT-01
leray-xt,Barbatula barbatula,4,C.pcr1,PISC-2016.11.24-SOT-01
leray-xt,Dicentrarchus labrax,4,C.pcr1,PISC-2016.11.24-SOT-01
leray-xt,Gobio gobio,2,C.pcr1,PISC-2016.11.24-SOT-01
leray-xt,Oncorhynchus mykiss,20,C.pcr1,PISC-2016.11.24-SOT-01
leray-xt,Salmo salar,5,C.pcr1,PISC-2016.11.24-SOT-01
leray-xt,Sprattus sprattus,5,C.pcr1,PISC-2016.11.24-SOT-01
leray-xt,Scomber scombrus,3,B.pcr2,EA-2016.10.31-TEES-SEI1
leray-xt,Salmo salar,16,C.pcr1,EA-2016.10.26-ESK-FYKE
leray-xt,Salmo trutta,33,C.pcr1,EA-2016.10.26-ESK-FYKE
leray-xt,Zeugopterus punctatus,2,A.pcr2,EA-2016.10.31-TEES-SEI1
leray-xt,Phoxinus phoxinus,21,C.pcr1,EA-2016.10.26-ESK-SEI1
leray-xt,Salmo salar,30,C.pcr1,EA-2016.10.26-ESK-SEI1
leray-xt,Salmo trutta,154,C.pcr1,EA-2016.10.26-ESK-SEI1
leray-xt,Spondyliosoma cantharus,4,C.pcr1,EA-2016.10.26-ESK-SEI1
leray-xt,Callionymus lyra,3,A.pcr2,MBA-2016.11.04-WHIT-02
leray-xt,Centrolabrus exoletus,2,A.pcr2,MBA-2016.11.04-WHIT-02
leray-xt,Trisopterus minutus,2,A.pcr2,MBA-2016.11.04-WHIT-02
leray-xt,Atherina boyeri,5,B.pcr2,PISC-2016.11.24-SOT-01
leray-xt,Oncorhynchus mykiss,17,B.pcr2,PISC-2016.11.24-SOT-01
leray-xt,Salmo trutta,13,B.pcr2,PISC-2016.11.24-SOT-01
leray-xt,Salmo trutta,210,C.pcr2,EA-2016.10.26-ESK-SEI1
leray-xt,Sprattus sprattus,3,C.pcr1,EA-2016.10.31-TEES-SEI1
leray-xt,Arnoglossus laterna,2,B.pcr2,MBA-2016.11.04-WHIT-02
leray-xt,Zeugopterus punctatus,5,C.pcr2,EA-2016.10.31-TEES-SEI1
leray-xt,Oncorhynchus mykiss,32,A.pcr1,PISC-2016.11.24-SOT-01
leray-xt,Salmo trutta,17,A.pcr1,PISC-2016.11.24-SOT-01
leray-xt,Salmo salar,36,A.pcr1,EA-2016.10.26-ESK-SEI1
leray-xt,Salmo trutta,104,A.pcr1,EA-2016.10.26-ESK-SEI1
leray-xt,Salmo trutta,33,A.pcr2,EA-2016.10.26-ESK-FYKE
leray-xt,Zeugopterus punctatus,8,A.pcr2,EA-2016.10.26-ESK-FYKE
leray-xt,Trisopterus minutus,2,B.pcr1,MBA-2016.11.04-WHIT-02
leray-xt,Molva molva,7,A.pcr1,EA-2016.10.26-ESK-FYKE
leray-xt,Salmo salar,6,A.pcr1,EA-2016.10.26-ESK-FYKE
leray-xt,Salmo trutta,36,A.pcr1,EA-2016.10.26-ESK-FYKE
leray-xt,Zeugopterus punctatus,8,A.pcr1,EA-2016.10.26-ESK-FYKE
leray-xt,Phoxinus phoxinus,10,A.pcr2,EA-2016.10.26-ESK-SEI1
leray-xt,Salmo salar,5,A.pcr2,EA-2016.10.26-ESK-SEI1
leray-xt,Salmo trutta,65,A.pcr2,EA-2016.10.26-ESK-SEI1
leray-xt,Oncorhynchus mykiss,22,C.pcr2,PISC-2016.11.24-SOT-01
leray-xt,Salmo trutta,27,C.pcr2,PISC-2016.11.24-SOT-01
leray-xt,Scomber scombrus,4,C.pcr2,PISC-2016.11.24-SOT-01
leray-xt,Aphia minuta,2,B.pcr1,PISC-2016.11.24-SOT-01
leray-xt,Ciliata mustela,3,B.pcr1,PISC-2016.11.24-SOT-01
leray-xt,Dicentrarchus labrax,4,B.pcr1,PISC-2016.11.24-SOT-01
leray-xt,Oncorhynchus mykiss,37,B.pcr1,PISC-2016.11.24-SOT-01
leray-xt,Salmo salar,5,B.pcr1,PISC-2016.11.24-SOT-01
leray-xt,Salmo trutta,26,B.pcr1,PISC-2016.11.24-SOT-01
leray-xt,Sprattus sprattus,2,B.pcr1,PISC-2016.11.24-SOT-01
leray-xt,Trisopterus luscus,11,B.pcr1,PISC-2016.11.24-SOT-01
leray-xt,Salmo trutta,52,B.pcr2,EA-2016.10.26-ESK-FYKE
leray-xt,Salmo trutta,85,B.pcr1,EA-2016.10.26-ESK-SEI1
