primerSet,eventID,idOrig,rep,pcr,oligoFwd,oligoRev
miya,MBA-2016.11.04-WHIT-02,Whit02Ar,A,pcr1,TCTCTTGGTCGGTAAAACTCGTGCCAGC,TCTCTTGCATAGTGGGGTATCTAATCCCAGTTTG
miya,MBA-2016.11.04-WHIT-02,Whit02Br,B,pcr1,TATCATTGTCGGTAAAACTCGTGCCAGC,TATCATTCATAGTGGGGTATCTAATCCCAGTTTG
miya,MBA-2016.11.04-WHIT-02,Whit02Cr,C,pcr1,CGGAAACGTCGGTAAAACTCGTGCCAGC,CGGAAACCATAGTGGGGTATCTAATCCCAGTTTG
miya,PISC-2016.11.24-SOT-01,Sot01Ar,A,pcr1,TGTGGGTGTCGGTAAAACTCGTGCCAGC,TGTGGGTCATAGTGGGGTATCTAATCCCAGTTTG
miya,PISC-2016.11.24-SOT-01,Sot01Br,B,pcr1,AAACGGCGTCGGTAAAACTCGTGCCAGC,AAACGGCCATAGTGGGGTATCTAATCCCAGTTTG
miya,PISC-2016.11.24-SOT-01,Sot01Cr,C,pcr1,GAGCTATGTCGGTAAAACTCGTGCCAGC,GAGCTATCATAGTGGGGTATCTAATCCCAGTTTG
miya,EA-2016.10.26-ESK-FYKE,EskFykAr,A,pcr1,TAGCGTGGTCGGTAAAACTCGTGCCAGC,TAGCGTGCATAGTGGGGTATCTAATCCCAGTTTG
miya,EA-2016.10.26-ESK-FYKE,EskFykBr,B,pcr1,GCGGGAGGTCGGTAAAACTCGTGCCAGC,GCGGGAGCATAGTGGGGTATCTAATCCCAGTTTG
miya,EA-2016.10.26-ESK-FYKE,EskFykCr,C,pcr1,AGCACATGTCGGTAAAACTCGTGCCAGC,AGCACATCATAGTGGGGTATCTAATCCCAGTTTG
miya,EA-2016.10.26-ESK-SEI1,EskSei01Ar,A,pcr1,TATCGCAGTCGGTAAAACTCGTGCCAGC,TATCGCACATAGTGGGGTATCTAATCCCAGTTTG
miya,EA-2016.10.26-ESK-SEI1,EskSei01Br,B,pcr1,CTCCTGAGTCGGTAAAACTCGTGCCAGC,CTCCTGACATAGTGGGGTATCTAATCCCAGTTTG
miya,EA-2016.10.26-ESK-SEI1,EskSei01Cr,C,pcr1,GTTAGCAGTCGGTAAAACTCGTGCCAGC,GTTAGCACATAGTGGGGTATCTAATCCCAGTTTG
miya,EA-2016.10.31-TEES-SEI1,TeeSei01Ar,A,pcr1,AAACTTTGTCGGTAAAACTCGTGCCAGC,AAACTTTCATAGTGGGGTATCTAATCCCAGTTTG
miya,EA-2016.10.31-TEES-SEI1,TeeSei01Br,B,pcr1,AAAGACCGTCGGTAAAACTCGTGCCAGC,AAAGACCCATAGTGGGGTATCTAATCCCAGTTTG
miya,EA-2016.10.31-TEES-SEI1,TeeSei01Cr,C,pcr1,ATCCCGGGTCGGTAAAACTCGTGCCAGC,ATCCCGGCATAGTGGGGTATCTAATCCCAGTTTG
miya,AquaTheat,AquaTheatr,AquaTheatr,pcr1,TATCTACGTCGGTAAAACTCGTGCCAGC,TATCTACCATAGTGGGGTATCTAATCCCAGTTTG
miya,MBA-2016.11.04-WHIT-02,Whit02As,A,pcr2,AAAGCATGTCGGTAAAACTCGTGCCAGC,AAAGCATCATAGTGGGGTATCTAATCCCAGTTTG
miya,MBA-2016.11.04-WHIT-02,Whit02Bs,B,pcr2,GGTACCCGTCGGTAAAACTCGTGCCAGC,GGTACCCCATAGTGGGGTATCTAATCCCAGTTTG
miya,MBA-2016.11.04-WHIT-02,Whit02Cs,C,pcr2,CTGCATAGTCGGTAAAACTCGTGCCAGC,CTGCATACATAGTGGGGTATCTAATCCCAGTTTG
miya,PISC-2016.11.24-SOT-01,Sot01As,A,pcr2,TGTTATGGTCGGTAAAACTCGTGCCAGC,TGTTATGCATAGTGGGGTATCTAATCCCAGTTTG
miya,PISC-2016.11.24-SOT-01,Sot01Bs,B,pcr2,ACATTATGTCGGTAAAACTCGTGCCAGC,ACATTATCATAGTGGGGTATCTAATCCCAGTTTG
miya,PISC-2016.11.24-SOT-01,Sot01Cs,C,pcr2,TGTTCACGTCGGTAAAACTCGTGCCAGC,TGTTCACCATAGTGGGGTATCTAATCCCAGTTTG
miya,EA-2016.10.26-ESK-FYKE,EskFykAs,A,pcr2,GAGGCCGGTCGGTAAAACTCGTGCCAGC,GAGGCCGCATAGTGGGGTATCTAATCCCAGTTTG
miya,EA-2016.10.26-ESK-FYKE,EskFykBs,B,pcr2,CACGTATGTCGGTAAAACTCGTGCCAGC,CACGTATCATAGTGGGGTATCTAATCCCAGTTTG
miya,EA-2016.10.26-ESK-FYKE,EskFykCs,C,pcr2,CGGAGTTGTCGGTAAAACTCGTGCCAGC,CGGAGTTCATAGTGGGGTATCTAATCCCAGTTTG
miya,EA-2016.10.26-ESK-SEI1,EskSei01As,A,pcr2,GGTAGGGGTCGGTAAAACTCGTGCCAGC,GGTAGGGCATAGTGGGGTATCTAATCCCAGTTTG
miya,EA-2016.10.26-ESK-SEI1,EskSei01Bs,B,pcr2,AAAGGTAGTCGGTAAAACTCGTGCCAGC,AAAGGTACATAGTGGGGTATCTAATCCCAGTTTG
miya,EA-2016.10.26-ESK-SEI1,EskSei01Cs,C,pcr2,TCTGTGCGTCGGTAAAACTCGTGCCAGC,TCTGTGCCATAGTGGGGTATCTAATCCCAGTTTG
miya,EA-2016.10.31-TEES-SEI1,TeeSei01As,A,pcr2,CAGATCTGTCGGTAAAACTCGTGCCAGC,CAGATCTCATAGTGGGGTATCTAATCCCAGTTTG
miya,EA-2016.10.31-TEES-SEI1,TeeSei01Bs,B,pcr2,TATGCCCGTCGGTAAAACTCGTGCCAGC,TATGCCCCATAGTGGGGTATCTAATCCCAGTTTG
miya,EA-2016.10.31-TEES-SEI1,TeeSei01Cs,C,pcr2,ACCAATTGTCGGTAAAACTCGTGCCAGC,ACCAATTCATAGTGGGGTATCTAATCCCAGTTTG
miya,AquaTheat,AquaTheats,AquaTheats,pcr2,AAAGTGGGTCGGTAAAACTCGTGCCAGC,AAAGTGGCATAGTGGGGTATCTAATCCCAGTTTG
leray-xt,MBA-2016.11.04-WHIT-02,Whit02Ar,A,pcr1,TCCAACACGGWACWRGWTGRACWNTNTAYCCYCC,TCCAACACTANACYTCNGGRTGNCCRAARAAYCA
leray-xt,MBA-2016.11.04-WHIT-02,Whit02Br,B,pcr1,GTGTGAAGGGWACWRGWTGRACWNTNTAYCCYCC,GTGTGAAGTANACYTCNGGRTGNCCRAARAAYCA
leray-xt,MBA-2016.11.04-WHIT-02,Whit02Cr,C,pcr1,AACCTGCTGGWACWRGWTGRACWNTNTAYCCYCC,AACCTGCTTANACYTCNGGRTGNCCRAARAAYCA
leray-xt,PISC-2016.11.24-SOT-01,Sot01Ar,A,pcr1,GGATGTCTGGWACWRGWTGRACWNTNTAYCCYCC,GGATGTCTTANACYTCNGGRTGNCCRAARAAYCA
leray-xt,PISC-2016.11.24-SOT-01,Sot01Br,B,pcr1,TCCAAGCAGGWACWRGWTGRACWNTNTAYCCYCC,TCCAAGCATANACYTCNGGRTGNCCRAARAAYCA
leray-xt,PISC-2016.11.24-SOT-01,Sot01Cr,C,pcr1,AGAATGCCGGWACWRGWTGRACWNTNTAYCCYCC,AGAATGCCTANACYTCNGGRTGNCCRAARAAYCA
leray-xt,EA-2016.10.26-ESK-FYKE,EskFykAr,A,pcr1,GTGTGTGTGGWACWRGWTGRACWNTNTAYCCYCC,GTGTGTGTTANACYTCNGGRTGNCCRAARAAYCA
leray-xt,EA-2016.10.26-ESK-FYKE,EskFykBr,B,pcr1,CACGGATAGGWACWRGWTGRACWNTNTAYCCYCC,CACGGATATANACYTCNGGRTGNCCRAARAAYCA
leray-xt,EA-2016.10.26-ESK-FYKE,EskFykCr,C,pcr1,CAACCTCAGGWACWRGWTGRACWNTNTAYCCYCC,CAACCTCATANACYTCNGGRTGNCCRAARAAYCA
leray-xt,EA-2016.10.26-ESK-SEI1,EskSei01Ar,A,pcr1,GGATTCGAGGWACWRGWTGRACWNTNTAYCCYCC,GGATTCGATANACYTCNGGRTGNCCRAARAAYCA
leray-xt,EA-2016.10.26-ESK-SEI1,EskSei01Br,B,pcr1,TTAGGCACGGWACWRGWTGRACWNTNTAYCCYCC,TTAGGCACTANACYTCNGGRTGNCCRAARAAYCA
leray-xt,EA-2016.10.26-ESK-SEI1,EskSei01Cr,C,pcr1,CGCATAGAGGWACWRGWTGRACWNTNTAYCCYCC,CGCATAGATANACYTCNGGRTGNCCRAARAAYCA
leray-xt,EA-2016.10.31-TEES-SEI1,TeeSei01Ar,A,pcr1,CAGTTCTCGGWACWRGWTGRACWNTNTAYCCYCC,CAGTTCTCTANACYTCNGGRTGNCCRAARAAYCA
leray-xt,EA-2016.10.31-TEES-SEI1,TeeSei01Br,B,pcr1,AACGAGTGGGWACWRGWTGRACWNTNTAYCCYCC,AACGAGTGTANACYTCNGGRTGNCCRAARAAYCA
leray-xt,EA-2016.10.31-TEES-SEI1,TeeSei01Cr,C,pcr1,CTGTCAACGGWACWRGWTGRACWNTNTAYCCYCC,CTGTCAACTANACYTCNGGRTGNCCRAARAAYCA
leray-xt,AquaTheat,AquaTheatr,AquaTheatr,pcr1,TCCACCTAGGWACWRGWTGRACWNTNTAYCCYCC,TCCACCTATANACYTCNGGRTGNCCRAARAAYCA
leray-xt,MBA-2016.11.04-WHIT-02,Whit02As,A,pcr2,CGCATCTTGGWACWRGWTGRACWNTNTAYCCYCC,CGCATCTTTANACYTCNGGRTGNCCRAARAAYCA
leray-xt,MBA-2016.11.04-WHIT-02,Whit02Bs,B,pcr2,GATACGCTGGWACWRGWTGRACWNTNTAYCCYCC,GATACGCTTANACYTCNGGRTGNCCRAARAAYCA
leray-xt,MBA-2016.11.04-WHIT-02,Whit02Cs,C,pcr2,GTGTTGGAGGWACWRGWTGRACWNTNTAYCCYCC,GTGTTGGATANACYTCNGGRTGNCCRAARAAYCA
leray-xt,PISC-2016.11.24-SOT-01,Sot01As,A,pcr2,ACACTAGGGGWACWRGWTGRACWNTNTAYCCYCC,ACACTAGGTANACYTCNGGRTGNCCRAARAAYCA
leray-xt,PISC-2016.11.24-SOT-01,Sot01Bs,B,pcr2,CGCCAATTGGWACWRGWTGRACWNTNTAYCCYCC,CGCCAATTTANACYTCNGGRTGNCCRAARAAYCA
leray-xt,PISC-2016.11.24-SOT-01,Sot01Cs,C,pcr2,TAGCAAGGGGWACWRGWTGRACWNTNTAYCCYCC,TAGCAAGGTANACYTCNGGRTGNCCRAARAAYCA
leray-xt,EA-2016.10.26-ESK-FYKE,EskFykAs,A,pcr2,GTCACAGAGGWACWRGWTGRACWNTNTAYCCYCC,GTCACAGATANACYTCNGGRTGNCCRAARAAYCA
leray-xt,EA-2016.10.26-ESK-FYKE,EskFykBs,B,pcr2,TCCAGATCGGWACWRGWTGRACWNTNTAYCCYCC,TCCAGATCTANACYTCNGGRTGNCCRAARAAYCA
leray-xt,EA-2016.10.26-ESK-FYKE,EskFykCs,C,pcr2,ACACTCCTGGWACWRGWTGRACWNTNTAYCCYCC,ACACTCCTTANACYTCNGGRTGNCCRAARAAYCA
leray-xt,EA-2016.10.26-ESK-SEI1,EskSei01As,A,pcr2,GTTAACGGGGWACWRGWTGRACWNTNTAYCCYCC,GTTAACGGTANACYTCNGGRTGNCCRAARAAYCA
leray-xt,EA-2016.10.26-ESK-SEI1,EskSei01Bs,B,pcr2,AACGCGATGGWACWRGWTGRACWNTNTAYCCYCC,AACGCGATTANACYTCNGGRTGNCCRAARAAYCA
leray-xt,EA-2016.10.26-ESK-SEI1,EskSei01Cs,C,pcr2,CGCGTAATGGWACWRGWTGRACWNTNTAYCCYCC,CGCGTAATTANACYTCNGGRTGNCCRAARAAYCA
leray-xt,EA-2016.10.31-TEES-SEI1,TeeSei01As,A,pcr2,CCGATACTGGWACWRGWTGRACWNTNTAYCCYCC,CCGATACTTANACYTCNGGRTGNCCRAARAAYCA
leray-xt,EA-2016.10.31-TEES-SEI1,TeeSei01Bs,B,pcr2,AGACATCCGGWACWRGWTGRACWNTNTAYCCYCC,AGACATCCTANACYTCNGGRTGNCCRAARAAYCA
leray-xt,EA-2016.10.31-TEES-SEI1,TeeSei01Cs,C,pcr2,GATAGAGGGGWACWRGWTGRACWNTNTAYCCYCC,GATAGAGGTANACYTCNGGRTGNCCRAARAAYCA
leray-xt,AquaTheat,AquaTheats,AquaTheats,pcr2,CTGTTGTGGGWACWRGWTGRACWNTNTAYCCYCC,CTGTTGTGTANACYTCNGGRTGNCCRAARAAYCA
sea-short,MBA-2016.11.04-WHIT-02,Whit02Ar,A,pcr1,TTACTCGGGAGGCTTTGGMAAYTGRYT,TTACTCGGGGGGAAGAARYCARAARCT
sea-short,MBA-2016.11.04-WHIT-02,Whit02Br,B,pcr1,TGCACGGGGAGGCTTTGGMAAYTGRYT,TGCACGGGGGGGAAGAARYCARAARCT
sea-short,MBA-2016.11.04-WHIT-02,Whit02Cr,C,pcr1,CGCGGTCGGAGGCTTTGGMAAYTGRYT,CGCGGTCGGGGGAAGAARYCARAARCT
sea-short,PISC-2016.11.24-SOT-01,Sot01Ar,A,pcr1,GTTCTTTGGAGGCTTTGGMAAYTGRYT,GTTCTTTGGGGGAAGAARYCARAARCT
sea-short,PISC-2016.11.24-SOT-01,Sot01Br,B,pcr1,CTCGCAAGGAGGCTTTGGMAAYTGRYT,CTCGCAAGGGGGAAGAARYCARAARCT
sea-short,PISC-2016.11.24-SOT-01,Sot01Cr,C,pcr1,AGGCACAGGAGGCTTTGGMAAYTGRYT,AGGCACAGGGGGAAGAARYCARAARCT
sea-short,EA-2016.10.26-ESK-FYKE,EskFykAr,A,pcr1,TTGACACGGAGGCTTTGGMAAYTGRYT,TTGACACGGGGGAAGAARYCARAARCT
sea-short,EA-2016.10.26-ESK-FYKE,EskFykBr,B,pcr1,GCCCATGGGAGGCTTTGGMAAYTGRYT,GCCCATGGGGGGAAGAARYCARAARCT
sea-short,EA-2016.10.26-ESK-FYKE,EskFykCr,C,pcr1,CTGCATAGGAGGCTTTGGMAAYTGRYT,CTGCATAGGGGGAAGAARYCARAARCT
sea-short,EA-2016.10.26-ESK-SEI1,EskSei01Ar,A,pcr1,TATGCCCGGAGGCTTTGGMAAYTGRYT,TATGCCCGGGGGAAGAARYCARAARCT
sea-short,EA-2016.10.26-ESK-SEI1,EskSei01Br,B,pcr1,AGGTGATGGAGGCTTTGGMAAYTGRYT,AGGTGATGGGGGAAGAARYCARAARCT
sea-short,EA-2016.10.26-ESK-SEI1,EskSei01Cr,C,pcr1,AGTATGAGGAGGCTTTGGMAAYTGRYT,AGTATGAGGGGGAAGAARYCARAARCT
sea-short,EA-2016.10.31-TEES-SEI1,TeeSei01Ar,A,pcr1,CGGTACGGGAGGCTTTGGMAAYTGRYT,CGGTACGGGGGGAAGAARYCARAARCT
sea-short,EA-2016.10.31-TEES-SEI1,TeeSei01Br,B,pcr1,CTCACGCGGAGGCTTTGGMAAYTGRYT,CTCACGCGGGGGAAGAARYCARAARCT
sea-short,EA-2016.10.31-TEES-SEI1,TeeSei01Cr,C,pcr1,CTTATGGGGAGGCTTTGGMAAYTGRYT,CTTATGGGGGGGAAGAARYCARAARCT
sea-short,AquaTheat,AquaTheatr,AquaTheatr,pcr1,AGAAAGCGGAGGCTTTGGMAAYTGRYT,AGAAAGCGGGGGAAGAARYCARAARCT
sea-short,MBA-2016.11.04-WHIT-02,Whit02As,A,pcr2,ACCTTTCGGAGGCTTTGGMAAYTGRYT,ACCTTTCGGGGGAAGAARYCARAARCT
sea-short,MBA-2016.11.04-WHIT-02,Whit02Bs,B,pcr2,ACAGAAGGGAGGCTTTGGMAAYTGRYT,ACAGAAGGGGGGAAGAARYCARAARCT
sea-short,MBA-2016.11.04-WHIT-02,Whit02Cs,C,pcr2,CCTTCATGGAGGCTTTGGMAAYTGRYT,CCTTCATGGGGGAAGAARYCARAARCT
sea-short,PISC-2016.11.24-SOT-01,Sot01As,A,pcr2,GGGTTAAGGAGGCTTTGGMAAYTGRYT,GGGTTAAGGGGGAAGAARYCARAARCT
sea-short,PISC-2016.11.24-SOT-01,Sot01Bs,B,pcr2,GAGTCTAGGAGGCTTTGGMAAYTGRYT,GAGTCTAGGGGGAAGAARYCARAARCT
sea-short,PISC-2016.11.24-SOT-01,Sot01Cs,C,pcr2,ACCATAAGGAGGCTTTGGMAAYTGRYT,ACCATAAGGGGGAAGAARYCARAARCT
sea-short,EA-2016.10.26-ESK-FYKE,EskFykAs,A,pcr2,AACCTAGGGAGGCTTTGGMAAYTGRYT,AACCTAGGGGGGAAGAARYCARAARCT
sea-short,EA-2016.10.26-ESK-FYKE,EskFykBs,B,pcr2,GTAAATAGGAGGCTTTGGMAAYTGRYT,GTAAATAGGGGGAAGAARYCARAARCT
sea-short,EA-2016.10.26-ESK-FYKE,EskFykCs,C,pcr2,AAGGTACGGAGGCTTTGGMAAYTGRYT,AAGGTACGGGGGAAGAARYCARAARCT
sea-short,EA-2016.10.26-ESK-SEI1,EskSei01As,A,pcr2,TACTTGCGGAGGCTTTGGMAAYTGRYT,TACTTGCGGGGGAAGAARYCARAARCT
sea-short,EA-2016.10.26-ESK-SEI1,EskSei01Bs,B,pcr2,TTTACCGGGAGGCTTTGGMAAYTGRYT,TTTACCGGGGGGAAGAARYCARAARCT
sea-short,EA-2016.10.26-ESK-SEI1,EskSei01Cs,C,pcr2,GATTAAGGGAGGCTTTGGMAAYTGRYT,GATTAAGGGGGGAAGAARYCARAARCT
sea-short,EA-2016.10.31-TEES-SEI1,TeeSei01As,A,pcr2,AACGCTGGGAGGCTTTGGMAAYTGRYT,AACGCTGGGGGGAAGAARYCARAARCT
sea-short,EA-2016.10.31-TEES-SEI1,TeeSei01Bs,B,pcr2,CGGGCGCGGAGGCTTTGGMAAYTGRYT,CGGGCGCGGGGGAAGAARYCARAARCT
sea-short,EA-2016.10.31-TEES-SEI1,TeeSei01Cs,C,pcr2,TCTAAAGGGAGGCTTTGGMAAYTGRYT,TCTAAAGGGGGGAAGAARYCARAARCT
sea-short,AquaTheat,AquaTheats,AquaTheats,pcr2,CGGCTTGGGAGGCTTTGGMAAYTGRYT,CGGCTTGGGGGGAAGAARYCARAARCT
sea-mid,MBA-2016.11.04-WHIT-02,Whit02Ar,A,pcr1,TTACTCGGGAGGCTTTGGMAAYTGRYT,TTACTCGTAGAGGRGGGTARACWGTYCA
sea-mid,MBA-2016.11.04-WHIT-02,Whit02Br,B,pcr1,TGCACGGGGAGGCTTTGGMAAYTGRYT,TGCACGGTAGAGGRGGGTARACWGTYCA
sea-mid,MBA-2016.11.04-WHIT-02,Whit02Cr,C,pcr1,CGCGGTCGGAGGCTTTGGMAAYTGRYT,CGCGGTCTAGAGGRGGGTARACWGTYCA
sea-mid,PISC-2016.11.24-SOT-01,Sot01Ar,A,pcr1,GTTCTTTGGAGGCTTTGGMAAYTGRYT,GTTCTTTTAGAGGRGGGTARACWGTYCA
sea-mid,PISC-2016.11.24-SOT-01,Sot01Br,B,pcr1,CTCGCAAGGAGGCTTTGGMAAYTGRYT,CTCGCAATAGAGGRGGGTARACWGTYCA
sea-mid,PISC-2016.11.24-SOT-01,Sot01Cr,C,pcr1,AGGCACAGGAGGCTTTGGMAAYTGRYT,AGGCACATAGAGGRGGGTARACWGTYCA
sea-mid,EA-2016.10.26-ESK-FYKE,EskFykAr,A,pcr1,TTGACACGGAGGCTTTGGMAAYTGRYT,TTGACACTAGAGGRGGGTARACWGTYCA
sea-mid,EA-2016.10.26-ESK-FYKE,EskFykBr,B,pcr1,GCCCATGGGAGGCTTTGGMAAYTGRYT,GCCCATGTAGAGGRGGGTARACWGTYCA
sea-mid,EA-2016.10.26-ESK-FYKE,EskFykCr,C,pcr1,CTGCATAGGAGGCTTTGGMAAYTGRYT,CTGCATATAGAGGRGGGTARACWGTYCA
sea-mid,EA-2016.10.26-ESK-SEI1,EskSei01Ar,A,pcr1,TATGCCCGGAGGCTTTGGMAAYTGRYT,TATGCCCTAGAGGRGGGTARACWGTYCA
sea-mid,EA-2016.10.26-ESK-SEI1,EskSei01Br,B,pcr1,AGGTGATGGAGGCTTTGGMAAYTGRYT,AGGTGATTAGAGGRGGGTARACWGTYCA
sea-mid,EA-2016.10.26-ESK-SEI1,EskSei01Cr,C,pcr1,AGTATGAGGAGGCTTTGGMAAYTGRYT,AGTATGATAGAGGRGGGTARACWGTYCA
sea-mid,EA-2016.10.31-TEES-SEI1,TeeSei01Ar,A,pcr1,CGGTACGGGAGGCTTTGGMAAYTGRYT,CGGTACGTAGAGGRGGGTARACWGTYCA
sea-mid,EA-2016.10.31-TEES-SEI1,TeeSei01Br,B,pcr1,CTCACGCGGAGGCTTTGGMAAYTGRYT,CTCACGCTAGAGGRGGGTARACWGTYCA
sea-mid,EA-2016.10.31-TEES-SEI1,TeeSei01Cr,C,pcr1,CTTATGGGGAGGCTTTGGMAAYTGRYT,CTTATGGTAGAGGRGGGTARACWGTYCA
sea-mid,AquaTheat,AquaTheatr,AquaTheatr,pcr1,AGAAAGCGGAGGCTTTGGMAAYTGRYT,AGAAAGCTAGAGGRGGGTARACWGTYCA
sea-mid,MBA-2016.11.04-WHIT-02,Whit02As,A,pcr2,ACCTTTCGGAGGCTTTGGMAAYTGRYT,ACCTTTCTAGAGGRGGGTARACWGTYCA
sea-mid,MBA-2016.11.04-WHIT-02,Whit02Bs,B,pcr2,ACAGAAGGGAGGCTTTGGMAAYTGRYT,ACAGAAGTAGAGGRGGGTARACWGTYCA
sea-mid,MBA-2016.11.04-WHIT-02,Whit02Cs,C,pcr2,CCTTCATGGAGGCTTTGGMAAYTGRYT,CCTTCATTAGAGGRGGGTARACWGTYCA
sea-mid,PISC-2016.11.24-SOT-01,Sot01As,A,pcr2,GGGTTAAGGAGGCTTTGGMAAYTGRYT,GGGTTAATAGAGGRGGGTARACWGTYCA
sea-mid,PISC-2016.11.24-SOT-01,Sot01Bs,B,pcr2,GAGTCTAGGAGGCTTTGGMAAYTGRYT,GAGTCTATAGAGGRGGGTARACWGTYCA
sea-mid,PISC-2016.11.24-SOT-01,Sot01Cs,C,pcr2,ACCATAAGGAGGCTTTGGMAAYTGRYT,ACCATAATAGAGGRGGGTARACWGTYCA
sea-mid,EA-2016.10.26-ESK-FYKE,EskFykAs,A,pcr2,AACCTAGGGAGGCTTTGGMAAYTGRYT,AACCTAGTAGAGGRGGGTARACWGTYCA
sea-mid,EA-2016.10.26-ESK-FYKE,EskFykBs,B,pcr2,GTAAATAGGAGGCTTTGGMAAYTGRYT,GTAAATATAGAGGRGGGTARACWGTYCA
sea-mid,EA-2016.10.26-ESK-FYKE,EskFykCs,C,pcr2,AAGGTACGGAGGCTTTGGMAAYTGRYT,AAGGTACTAGAGGRGGGTARACWGTYCA
sea-mid,EA-2016.10.26-ESK-SEI1,EskSei01As,A,pcr2,TACTTGCGGAGGCTTTGGMAAYTGRYT,TACTTGCTAGAGGRGGGTARACWGTYCA
sea-mid,EA-2016.10.26-ESK-SEI1,EskSei01Bs,B,pcr2,TTTACCGGGAGGCTTTGGMAAYTGRYT,TTTACCGTAGAGGRGGGTARACWGTYCA
sea-mid,EA-2016.10.26-ESK-SEI1,EskSei01Cs,C,pcr2,GATTAAGGGAGGCTTTGGMAAYTGRYT,GATTAAGTAGAGGRGGGTARACWGTYCA
sea-mid,EA-2016.10.31-TEES-SEI1,TeeSei01As,A,pcr2,AACGCTGGGAGGCTTTGGMAAYTGRYT,AACGCTGTAGAGGRGGGTARACWGTYCA
sea-mid,EA-2016.10.31-TEES-SEI1,TeeSei01Bs,B,pcr2,CGGGCGCGGAGGCTTTGGMAAYTGRYT,CGGGCGCTAGAGGRGGGTARACWGTYCA
sea-mid,EA-2016.10.31-TEES-SEI1,TeeSei01Cs,C,pcr2,TCTAAAGGGAGGCTTTGGMAAYTGRYT,TCTAAAGTAGAGGRGGGTARACWGTYCA
sea-mid,AquaTheat,AquaTheats,AquaTheats,pcr2,CGGCTTGGGAGGCTTTGGMAAYTGRYT,CGGCTTGTAGAGGRGGGTARACWGTYCA
